Resonance Peak Shift (nm),Concentration (uM),Dissociation Constant (uM^-1),,,,,
29.42942943,0.001,0.001,29.42942943,901.2012012,0.001,0.011,930.6306306
31.23123123,0.001206793,0.001,31.23123123,902.4024024,0.001206793,0.011,933.6336336
32.73273273,0.001456348,0.001,32.73273273,903.7037037,0.001456348,0.011,936.4364364
33.83383383,0.001757511,0.001,33.83383383,905.3053053,0.001757511,0.011,939.1391391
34.63463463,0.002120951,0.001,34.63463463,907.007007,0.002120951,0.011,941.6416416
34.83483483,0.002559548,0.001,34.83483483,909.009009,0.002559548,0.011,943.8438438
34.53453453,0.003088844,0.001,34.53453453,911.3113113,0.003088844,0.011,945.8458458
33.93393393,0.003727594,0.001,33.93393393,913.7137137,0.003727594,0.011,947.6476476
32.83283283,0.004498433,0.001,32.83283283,916.4164164,0.004498433,0.011,949.2492492
31.33133133,0.005428675,0.001,31.33133133,919.2192192,0.005428675,0.011,950.5505506
29.52952953,0.006551286,0.001,29.52952953,922.2222222,0.006551286,0.011,951.7517518
27.52752753,0.007906043,0.001,27.52752753,925.2252252,0.007906043,0.011,952.7527528
25.22522523,0.009540955,0.001,25.22522523,928.3283283,0.009540955,0.011,953.5535536
23.02302302,0.011513954,0.001,23.02302302,931.3313313,0.011513954,0.011,954.3543544
20.62062062,0.013894955,0.001,20.62062062,934.3343343,0.013894955,0.011,954.954955
18.31831832,0.016768329,0.001,18.31831832,937.1371371,0.016768329,0.011,955.4554555
16.11611612,0.020235896,0.001,16.11611612,939.7397397,0.020235896,0.011,955.8558559
14.11411411,0.024420531,0.001,14.11411411,942.1421421,0.024420531,0.011,956.2562563
12.21221221,0.029470517,0.001,12.21221221,944.3443443,0.029470517,0.011,956.5565566
10.41041041,0.035564803,0.001,10.41041041,946.3463463,0.035564803,0.011,956.7567568
8.908908909,0.042919343,0.001,8.908908909,948.048048,0.042919343,0.011,956.956957
7.607607608,0.051794747,0.001,7.607607608,949.5495495,0.051794747,0.011,957.1571572
6.506506507,0.062505519,0.001,6.506506507,950.8508509,0.062505519,0.011,957.3573574
5.405405405,0.075431201,0.001,5.405405405,952.0520521,0.075431201,0.011,957.4574575
4.604604605,0.091029818,0.001,4.604604605,952.952953,0.091029818,0.011,957.5575576
3.903903904,0.109854114,0.001,3.903903904,953.7537538,0.109854114,0.011,957.6576577
3.203203203,0.132571137,0.001,3.203203203,954.4544545,0.132571137,0.011,957.6576577
2.702702703,0.159985872,0.001,2.702702703,955.0550551,0.159985872,0.011,957.7577578
2.202202202,0.193069773,0.001,2.202202202,955.5555556,0.193069773,0.011,957.7577578
1.901901902,0.232995181,0.001,1.901901902,955.955956,0.232995181,0.011,957.8578579
1.501501502,0.28117687,0.001,1.501501502,956.3563564,0.28117687,0.011,957.8578579
1.301301301,0.339322177,0.001,1.301301301,956.5565566,0.339322177,0.011,957.8578579
1.101101101,0.409491506,0.001,1.101101101,956.8568569,0.409491506,0.011,957.957958
0.900900901,0.494171336,0.001,0.900900901,957.0570571,0.494171336,0.011,957.957958
0.700700701,0.596362332,0.001,0.700700701,957.2572573,0.596362332,0.011,957.957958
0.600600601,0.719685673,0.001,0.600600601,957.3573574,0.719685673,0.011,957.957958
0.500500501,0.868511374,0.001,0.500500501,957.4574575,0.868511374,0.011,957.957958
0.4004004,1.048113134,0.001,0.4004004,957.5575576,1.048113134,0.011,957.957958
0.3003003,1.264855217,0.001,0.3003003,957.6576577,1.264855217,0.011,957.957958
0.2002002,1.526417967,0.001,0.2002002,957.7577578,1.526417967,0.011,957.957958
0.2002002,1.842069969,0.001,0.2002002,957.7577578,1.842069969,0.011,957.957958
0.2002002,2.222996483,0.001,0.2002002,957.8578579,2.222996483,0.011,958.0580581
0.2002002,2.682695795,0.001,0.2002002,957.8578579,2.682695795,0.011,958.0580581
0.2002002,3.237457543,0.001,0.2002002,957.8578579,3.237457543,0.011,958.0580581
0.2002002,3.906939937,0.001,0.2002002,957.8578579,3.906939937,0.011,958.0580581
0.1001001,4.714866363,0.001,0.1001001,957.957958,4.714866363,0.011,958.0580581
0.1001001,5.689866029,0.001,0.1001001,957.957958,5.689866029,0.011,958.0580581
0.1001001,6.86648845,0.001,0.1001001,957.957958,6.86648845,0.011,958.0580581
0.1001001,8.286427729,0.001,0.1001001,957.957958,8.286427729,0.011,958.0580581
0.1001001,10,0.001,0.1001001,957.957958,10,0.011,958.0580581
18.21821822,0.001,0.002,18.21821822,901.2012012,0.001,0.011,919.4194194
20.02002002,0.001206793,0.002,20.02002002,902.4024024,0.001206793,0.011,922.4224224
21.72172172,0.001456348,0.002,21.72172172,903.7037037,0.001456348,0.011,925.4254254
23.22322322,0.001757511,0.002,23.22322322,905.3053053,0.001757511,0.011,928.5285285
24.62462462,0.002120951,0.002,24.62462462,907.007007,0.002120951,0.011,931.6316316
25.52552553,0.002559548,0.002,25.52552553,909.009009,0.002559548,0.011,934.5345345
26.02602603,0.003088844,0.002,26.02602603,911.3113113,0.003088844,0.011,937.3373373
26.22622623,0.003727594,0.002,26.22622623,913.7137137,0.003727594,0.011,939.9399399
25.92592593,0.004498433,0.002,25.92592593,916.4164164,0.004498433,0.011,942.3423423
25.32532533,0.005428675,0.002,25.32532533,919.2192192,0.005428675,0.011,944.5445445
24.22422422,0.006551286,0.002,24.22422422,922.2222222,0.006551286,0.011,946.4464464
22.92292292,0.007906043,0.002,22.92292292,925.2252252,0.007906043,0.011,948.1481481
21.32132132,0.009540955,0.002,21.32132132,928.3283283,0.009540955,0.011,949.6496496
19.61961962,0.011513954,0.002,19.61961962,931.3313313,0.011513954,0.011,950.950951
17.71771772,0.013894955,0.002,17.71771772,934.3343343,0.013894955,0.011,952.0520521
15.91591592,0.016768329,0.002,15.91591592,937.1371371,0.016768329,0.011,953.0530531
14.11411411,0.020235896,0.002,14.11411411,939.7397397,0.020235896,0.011,953.8538539
12.41241241,0.024420531,0.002,12.41241241,942.1421421,0.024420531,0.011,954.5545546
10.71071071,0.029470517,0.002,10.71071071,944.3443443,0.029470517,0.011,955.0550551
9.209209209,0.035564803,0.002,9.209209209,946.3463463,0.035564803,0.011,955.5555556
7.907907908,0.042919343,0.002,7.907907908,948.048048,0.042919343,0.011,955.955956
6.806806807,0.051794747,0.002,6.806806807,949.5495495,0.051794747,0.011,956.3563564
5.805805806,0.062505519,0.002,5.805805806,950.8508509,0.062505519,0.011,956.6566567
4.804804805,0.075431201,0.002,4.804804805,952.0520521,0.075431201,0.011,956.8568569
4.104104104,0.091029818,0.002,4.104104104,952.952953,0.091029818,0.011,957.0570571
3.503503504,0.109854114,0.002,3.503503504,953.7537538,0.109854114,0.011,957.2572573
2.902902903,0.132571137,0.002,2.902902903,954.4544545,0.132571137,0.011,957.3573574
2.402402402,0.159985872,0.002,2.402402402,955.0550551,0.159985872,0.011,957.4574575
2.002002002,0.193069773,0.002,2.002002002,955.5555556,0.193069773,0.011,957.5575576
1.701701702,0.232995181,0.002,1.701701702,955.955956,0.232995181,0.011,957.6576577
1.401401401,0.28117687,0.002,1.401401401,956.3563564,0.28117687,0.011,957.7577578
1.201201201,0.339322177,0.002,1.201201201,956.5565566,0.339322177,0.011,957.7577578
1.001001001,0.409491506,0.002,1.001001001,956.8568569,0.409491506,0.011,957.8578579
0.800800801,0.494171336,0.002,0.800800801,957.0570571,0.494171336,0.011,957.8578579
0.600600601,0.596362332,0.002,0.600600601,957.2572573,0.596362332,0.011,957.8578579
0.5005005,0.719685673,0.002,0.5005005,957.3573574,0.719685673,0.011,957.8578579
0.500500501,0.868511374,0.002,0.500500501,957.4574575,0.868511374,0.011,957.957958
0.4004004,1.048113134,0.002,0.4004004,957.5575576,1.048113134,0.011,957.957958
0.3003003,1.264855217,0.002,0.3003003,957.6576577,1.264855217,0.011,957.957958
0.2002002,1.526417967,0.002,0.2002002,957.7577578,1.526417967,0.011,957.957958
0.2002002,1.842069969,0.002,0.2002002,957.7577578,1.842069969,0.011,957.957958
0.1001001,2.222996483,0.002,0.1001001,957.8578579,2.222996483,0.011,957.957958
0.1001001,2.682695795,0.002,0.1001001,957.8578579,2.682695795,0.011,957.957958
0.1001001,3.237457543,0.002,0.1001001,957.8578579,3.237457543,0.011,957.957958
0.1001001,3.906939937,0.002,0.1001001,957.8578579,3.906939937,0.011,957.957958
0.1001001,4.714866363,0.002,0.1001001,957.957958,4.714866363,0.011,958.0580581
0.1001001,5.689866029,0.002,0.1001001,957.957958,5.689866029,0.011,958.0580581
0.1001001,6.86648845,0.002,0.1001001,957.957958,6.86648845,0.011,958.0580581
0.1001001,8.286427729,0.002,0.1001001,957.957958,8.286427729,0.011,958.0580581
0.1001001,10,0.002,0.1001001,957.957958,10,0.011,958.0580581
12.31231231,0.001,0.003,12.31231231,901.2012012,0.001,0.011,913.5135135
13.71371371,0.001206793,0.003,13.71371371,902.4024024,0.001206793,0.011,916.1161161
15.21521522,0.001456348,0.003,15.21521522,903.7037037,0.001456348,0.011,918.9189189
16.61661662,0.001757511,0.003,16.61661662,905.3053053,0.001757511,0.011,921.9219219
18.01801802,0.002120951,0.003,18.01801802,907.007007,0.002120951,0.011,925.025025
19.01901902,0.002559548,0.003,19.01901902,909.009009,0.002559548,0.011,928.028028
19.81981982,0.003088844,0.003,19.81981982,911.3113113,0.003088844,0.011,931.1311311
20.32032032,0.003727594,0.003,20.32032032,913.7137137,0.003727594,0.011,934.034034
20.52052052,0.004498433,0.003,20.52052052,916.4164164,0.004498433,0.011,936.9369369
20.32032032,0.005428675,0.003,20.32032032,919.2192192,0.005428675,0.011,939.5395395
19.71971972,0.006551286,0.003,19.71971972,922.2222222,0.006551286,0.011,941.9419419
19.01901902,0.007906043,0.003,19.01901902,925.2252252,0.007906043,0.011,944.2442442
17.81781782,0.009540955,0.003,17.81781782,928.3283283,0.009540955,0.011,946.1461461
16.61661662,0.011513954,0.003,16.61661662,931.3313313,0.011513954,0.011,947.9479479
15.11511512,0.013894955,0.003,15.11511512,934.3343343,0.013894955,0.011,949.4494494
13.61361361,0.016768329,0.003,13.61361361,937.1371371,0.016768329,0.011,950.7507508
12.21221221,0.020235896,0.003,12.21221221,939.7397397,0.020235896,0.011,951.951952
10.71071071,0.024420531,0.003,10.71071071,942.1421421,0.024420531,0.011,952.8528529
9.409409409,0.029470517,0.003,9.409409409,944.3443443,0.029470517,0.011,953.7537538
8.108108108,0.035564803,0.003,8.108108108,946.3463463,0.035564803,0.011,954.4544545
7.007007007,0.042919343,0.003,7.007007007,948.048048,0.042919343,0.011,955.0550551
6.006006006,0.051794747,0.003,6.006006006,949.5495495,0.051794747,0.011,955.5555556
5.105105105,0.062505519,0.003,5.105105105,950.8508509,0.062505519,0.011,955.955956
4.204204204,0.075431201,0.003,4.204204204,952.0520521,0.075431201,0.011,956.2562563
3.603603604,0.091029818,0.003,3.603603604,952.952953,0.091029818,0.011,956.5565566
3.103103103,0.109854114,0.003,3.103103103,953.7537538,0.109854114,0.011,956.8568569
2.602602603,0.132571137,0.003,2.602602603,954.4544545,0.132571137,0.011,957.0570571
2.102102102,0.159985872,0.003,2.102102102,955.0550551,0.159985872,0.011,957.1571572
1.801801802,0.193069773,0.003,1.801801802,955.5555556,0.193069773,0.011,957.3573574
1.501501502,0.232995181,0.003,1.501501502,955.955956,0.232995181,0.011,957.4574575
1.201201201,0.28117687,0.003,1.201201201,956.3563564,0.28117687,0.011,957.5575576
1.101101101,0.339322177,0.003,1.101101101,956.5565566,0.339322177,0.011,957.6576577
0.800800801,0.409491506,0.003,0.800800801,956.8568569,0.409491506,0.011,957.6576577
0.700700701,0.494171336,0.003,0.700700701,957.0570571,0.494171336,0.011,957.7577578
0.5005005,0.596362332,0.003,0.5005005,957.2572573,0.596362332,0.011,957.7577578
0.5005005,0.719685673,0.003,0.5005005,957.3573574,0.719685673,0.011,957.8578579
0.4004004,0.868511374,0.003,0.4004004,957.4574575,0.868511374,0.011,957.8578579
0.3003003,1.048113134,0.003,0.3003003,957.5575576,1.048113134,0.011,957.8578579
0.3003003,1.264855217,0.003,0.3003003,957.6576577,1.264855217,0.011,957.957958
0.2002002,1.526417967,0.003,0.2002002,957.7577578,1.526417967,0.011,957.957958
0.2002002,1.842069969,0.003,0.2002002,957.7577578,1.842069969,0.011,957.957958
0.1001001,2.222996483,0.003,0.1001001,957.8578579,2.222996483,0.011,957.957958
0.1001001,2.682695795,0.003,0.1001001,957.8578579,2.682695795,0.011,957.957958
0.1001001,3.237457543,0.003,0.1001001,957.8578579,3.237457543,0.011,957.957958
0.1001001,3.906939937,0.003,0.1001001,957.8578579,3.906939937,0.011,957.957958
0,4.714866363,0.003,0,957.957958,4.714866363,0.011,957.957958
0,5.689866029,0.003,0,957.957958,5.689866029,0.011,957.957958
0.1001001,6.86648845,0.003,0.1001001,957.957958,6.86648845,0.011,958.0580581
0.1001001,8.286427729,0.003,0.1001001,957.957958,8.286427729,0.011,958.0580581
0.1001001,10,0.003,0.1001001,957.957958,10,0.011,958.0580581
8.708708709,0.001,0.004,8.708708709,901.2012012,0.001,0.011,909.9099099
9.80980981,0.001206793,0.004,9.80980981,902.4024024,0.001206793,0.011,912.2122122
11.01101101,0.001456348,0.004,11.01101101,903.7037037,0.001456348,0.011,914.7147147
12.11211211,0.001757511,0.004,12.11211211,905.3053053,0.001757511,0.011,917.4174174
13.31331331,0.002120951,0.004,13.31331331,907.007007,0.002120951,0.011,920.3203203
14.31431431,0.002559548,0.004,14.31431431,909.009009,0.002559548,0.011,923.3233233
15.11511512,0.003088844,0.004,15.11511512,911.3113113,0.003088844,0.011,926.4264264
15.81581582,0.003727594,0.004,15.81581582,913.7137137,0.003727594,0.011,929.5295295
16.11611612,0.004498433,0.004,16.11611612,916.4164164,0.004498433,0.011,932.5325325
16.21621622,0.005428675,0.004,16.21621622,919.2192192,0.005428675,0.011,935.4354354
15.91591592,0.006551286,0.004,15.91591592,922.2222222,0.006551286,0.011,938.1381381
15.51551552,0.007906043,0.004,15.51551552,925.2252252,0.007906043,0.011,940.7407407
14.71471471,0.009540955,0.004,14.71471471,928.3283283,0.009540955,0.011,943.043043
13.81381381,0.011513954,0.004,13.81381381,931.3313313,0.011513954,0.011,945.1451451
12.71271271,0.013894955,0.004,12.71271271,934.3343343,0.013894955,0.011,947.047047
11.51151151,0.016768329,0.004,11.51151151,937.1371371,0.016768329,0.011,948.6486486
10.31031031,0.020235896,0.004,10.31031031,939.7397397,0.020235896,0.011,950.0500501
9.209209209,0.024420531,0.004,9.209209209,942.1421421,0.024420531,0.011,951.3513514
8.008008008,0.029470517,0.004,8.008008008,944.3443443,0.029470517,0.011,952.3523524
6.906906907,0.035564803,0.004,6.906906907,946.3463463,0.035564803,0.011,953.2532533
6.006006006,0.042919343,0.004,6.006006006,948.048048,0.042919343,0.011,954.0540541
5.205205205,0.051794747,0.004,5.205205205,949.5495495,0.051794747,0.011,954.7547548
4.404404404,0.062505519,0.004,4.404404404,950.8508509,0.062505519,0.011,955.2552553
3.703703704,0.075431201,0.004,3.703703704,952.0520521,0.075431201,0.011,955.7557558
3.203203203,0.091029818,0.004,3.203203203,952.952953,0.091029818,0.011,956.1561562
2.702702703,0.109854114,0.004,2.702702703,953.7537538,0.109854114,0.011,956.4564565
2.202202202,0.132571137,0.004,2.202202202,954.4544545,0.132571137,0.011,956.6566567
1.901901902,0.159985872,0.004,1.901901902,955.0550551,0.159985872,0.011,956.956957
1.601601602,0.193069773,0.004,1.601601602,955.5555556,0.193069773,0.011,957.1571572
1.301301301,0.232995181,0.004,1.301301301,955.955956,0.232995181,0.011,957.2572573
1.001001001,0.28117687,0.004,1.001001001,956.3563564,0.28117687,0.011,957.3573574
0.900900901,0.339322177,0.004,0.900900901,956.5565566,0.339322177,0.011,957.4574575
0.700700701,0.409491506,0.004,0.700700701,956.8568569,0.409491506,0.011,957.5575576
0.600600601,0.494171336,0.004,0.600600601,957.0570571,0.494171336,0.011,957.6576577
0.5005005,0.596362332,0.004,0.5005005,957.2572573,0.596362332,0.011,957.7577578
0.4004004,0.719685673,0.004,0.4004004,957.3573574,0.719685673,0.011,957.7577578
0.4004004,0.868511374,0.004,0.4004004,957.4574575,0.868511374,0.011,957.8578579
0.3003003,1.048113134,0.004,0.3003003,957.5575576,1.048113134,0.011,957.8578579
0.2002002,1.264855217,0.004,0.2002002,957.6576577,1.264855217,0.011,957.8578579
0.2002002,1.526417967,0.004,0.2002002,957.7577578,1.526417967,0.011,957.957958
0.2002002,1.842069969,0.004,0.2002002,957.7577578,1.842069969,0.011,957.957958
0.1001001,2.222996483,0.004,0.1001001,957.8578579,2.222996483,0.011,957.957958
0.1001001,2.682695795,0.004,0.1001001,957.8578579,2.682695795,0.011,957.957958
0.1001001,3.237457543,0.004,0.1001001,957.8578579,3.237457543,0.011,957.957958
0.1001001,3.906939937,0.004,0.1001001,957.8578579,3.906939937,0.011,957.957958
0,4.714866363,0.004,0,957.957958,4.714866363,0.011,957.957958
0,5.689866029,0.004,0,957.957958,5.689866029,0.011,957.957958
0,6.86648845,0.004,0,957.957958,6.86648845,0.011,957.957958
0.1001001,8.286427729,0.004,0.1001001,957.957958,8.286427729,0.011,958.0580581
0.1001001,10,0.004,0.1001001,957.957958,10,0.011,958.0580581
6.206206206,0.001,0.005,6.206206206,901.2012012,0.001,0.011,907.4074074
7.007007007,0.001206793,0.005,7.007007007,902.4024024,0.001206793,0.011,909.4094094
8.008008008,0.001456348,0.005,8.008008008,903.7037037,0.001456348,0.011,911.7117117
8.908908909,0.001757511,0.005,8.908908909,905.3053053,0.001757511,0.011,914.2142142
9.90990991,0.002120951,0.005,9.90990991,907.007007,0.002120951,0.011,916.9169169
10.81081081,0.002559548,0.005,10.81081081,909.009009,0.002559548,0.011,919.8198198
11.51151151,0.003088844,0.005,11.51151151,911.3113113,0.003088844,0.011,922.8228228
12.11211211,0.003727594,0.005,12.11211211,913.7137137,0.003727594,0.011,925.8258258
12.51251251,0.004498433,0.005,12.51251251,916.4164164,0.004498433,0.011,928.9289289
12.71271271,0.005428675,0.005,12.71271271,919.2192192,0.005428675,0.011,931.9319319
12.71271271,0.006551286,0.005,12.71271271,922.2222222,0.006551286,0.011,934.9349349
12.41241241,0.007906043,0.005,12.41241241,925.2252252,0.007906043,0.011,937.6376376
11.91191191,0.009540955,0.005,11.91191191,928.3283283,0.009540955,0.011,940.2402402
11.31131131,0.011513954,0.005,11.31131131,931.3313313,0.011513954,0.011,942.6426426
10.41041041,0.013894955,0.005,10.41041041,934.3343343,0.013894955,0.011,944.7447447
9.50950951,0.016768329,0.005,9.50950951,937.1371371,0.016768329,0.011,946.6466466
8.608608609,0.020235896,0.005,8.608608609,939.7397397,0.020235896,0.011,948.3483483
7.707707708,0.024420531,0.005,7.707707708,942.1421421,0.024420531,0.011,949.8498498
6.806806807,0.029470517,0.005,6.806806807,944.3443443,0.029470517,0.011,951.1511512
5.905905906,0.035564803,0.005,5.905905906,946.3463463,0.035564803,0.011,952.2522523
5.105105105,0.042919343,0.005,5.105105105,948.048048,0.042919343,0.011,953.1531532
4.404404404,0.051794747,0.005,4.404404404,949.5495495,0.051794747,0.011,953.953954
3.703703704,0.062505519,0.005,3.703703704,950.8508509,0.062505519,0.011,954.5545546
3.103103103,0.075431201,0.005,3.103103103,952.0520521,0.075431201,0.011,955.1551552
2.702702703,0.091029818,0.005,2.702702703,952.952953,0.091029818,0.011,955.6556557
2.302302302,0.109854114,0.005,2.302302302,953.7537538,0.109854114,0.011,956.0560561
1.901901902,0.132571137,0.005,1.901901902,954.4544545,0.132571137,0.011,956.3563564
1.601601602,0.159985872,0.005,1.601601602,955.0550551,0.159985872,0.011,956.6566567
1.301301301,0.193069773,0.005,1.301301301,955.5555556,0.193069773,0.011,956.8568569
1.101101101,0.232995181,0.005,1.101101101,955.955956,0.232995181,0.011,957.0570571
0.900900901,0.28117687,0.005,0.900900901,956.3563564,0.28117687,0.011,957.2572573
0.800800801,0.339322177,0.005,0.800800801,956.5565566,0.339322177,0.011,957.3573574
0.600600601,0.409491506,0.005,0.600600601,956.8568569,0.409491506,0.011,957.4574575
0.5005005,0.494171336,0.005,0.5005005,957.0570571,0.494171336,0.011,957.5575576
0.4004004,0.596362332,0.005,0.4004004,957.2572573,0.596362332,0.011,957.6576577
0.4004004,0.719685673,0.005,0.4004004,957.3573574,0.719685673,0.011,957.7577578
0.3003003,0.868511374,0.005,0.3003003,957.4574575,0.868511374,0.011,957.7577578
0.3003003,1.048113134,0.005,0.3003003,957.5575576,1.048113134,0.011,957.8578579
0.2002002,1.264855217,0.005,0.2002002,957.6576577,1.264855217,0.011,957.8578579
0.1001001,1.526417967,0.005,0.1001001,957.7577578,1.526417967,0.011,957.8578579
0.2002002,1.842069969,0.005,0.2002002,957.7577578,1.842069969,0.011,957.957958
0.1001001,2.222996483,0.005,0.1001001,957.8578579,2.222996483,0.011,957.957958
0.1001001,2.682695795,0.005,0.1001001,957.8578579,2.682695795,0.011,957.957958
0.1001001,3.237457543,0.005,0.1001001,957.8578579,3.237457543,0.011,957.957958
0.1001001,3.906939937,0.005,0.1001001,957.8578579,3.906939937,0.011,957.957958
0,4.714866363,0.005,0,957.957958,4.714866363,0.011,957.957958
0,5.689866029,0.005,0,957.957958,5.689866029,0.011,957.957958
0,6.86648845,0.005,0,957.957958,6.86648845,0.011,957.957958
0,8.286427729,0.005,0,957.957958,8.286427729,0.011,957.957958
0,10,0.005,0,957.957958,10,0.011,957.957958
4.404404404,0.001,0.006,4.404404404,901.2012012,0.001,0.011,905.6056056
5.105105105,0.001206793,0.006,5.105105105,902.4024024,0.001206793,0.011,907.5075075
5.805805806,0.001456348,0.006,5.805805806,903.7037037,0.001456348,0.011,909.5095095
6.506506507,0.001757511,0.006,6.506506507,905.3053053,0.001757511,0.011,911.8118118
7.307307307,0.002120951,0.006,7.307307307,907.007007,0.002120951,0.011,914.3143143
8.008008008,0.002559548,0.006,8.008008008,909.009009,0.002559548,0.011,917.017017
8.608608609,0.003088844,0.006,8.608608609,911.3113113,0.003088844,0.011,919.9199199
9.109109109,0.003727594,0.006,9.109109109,913.7137137,0.003727594,0.011,922.8228228
9.50950951,0.004498433,0.006,9.50950951,916.4164164,0.004498433,0.011,925.9259259
9.80980981,0.005428675,0.006,9.80980981,919.2192192,0.005428675,0.011,929.029029
9.80980981,0.006551286,0.006,9.80980981,922.2222222,0.006551286,0.011,932.032032
9.70970971,0.007906043,0.006,9.70970971,925.2252252,0.007906043,0.011,934.9349349
9.409409409,0.009540955,0.006,9.409409409,928.3283283,0.009540955,0.011,937.7377377
9.009009009,0.011513954,0.006,9.009009009,931.3313313,0.011513954,0.011,940.3403403
8.408408408,0.013894955,0.006,8.408408408,934.3343343,0.013894955,0.011,942.7427427
7.707707708,0.016768329,0.006,7.707707708,937.1371371,0.016768329,0.011,944.8448448
7.007007007,0.020235896,0.006,7.007007007,939.7397397,0.020235896,0.011,946.7467467
6.306306306,0.024420531,0.006,6.306306306,942.1421421,0.024420531,0.011,948.4484484
5.505505506,0.029470517,0.006,5.505505506,944.3443443,0.029470517,0.011,949.8498498
4.804804805,0.035564803,0.006,4.804804805,946.3463463,0.035564803,0.011,951.1511512
4.204204204,0.042919343,0.006,4.204204204,948.048048,0.042919343,0.011,952.2522523
3.603603604,0.051794747,0.006,3.603603604,949.5495495,0.051794747,0.011,953.1531532
3.103103103,0.062505519,0.006,3.103103103,950.8508509,0.062505519,0.011,953.953954
2.602602603,0.075431201,0.006,2.602602603,952.0520521,0.075431201,0.011,954.6546547
2.202202202,0.091029818,0.006,2.202202202,952.952953,0.091029818,0.011,955.1551552
1.901901902,0.109854114,0.006,1.901901902,953.7537538,0.109854114,0.011,955.6556557
1.601601602,0.132571137,0.006,1.601601602,954.4544545,0.132571137,0.011,956.0560561
1.301301301,0.159985872,0.006,1.301301301,955.0550551,0.159985872,0.011,956.3563564
1.101101101,0.193069773,0.006,1.101101101,955.5555556,0.193069773,0.011,956.6566567
0.900900901,0.232995181,0.006,0.900900901,955.955956,0.232995181,0.011,956.8568569
0.700700701,0.28117687,0.006,0.700700701,956.3563564,0.28117687,0.011,957.0570571
0.700700701,0.339322177,0.006,0.700700701,956.5565566,0.339322177,0.011,957.2572573
0.500500501,0.409491506,0.006,0.500500501,956.8568569,0.409491506,0.011,957.3573574
0.4004004,0.494171336,0.006,0.4004004,957.0570571,0.494171336,0.011,957.4574575
0.3003003,0.596362332,0.006,0.3003003,957.2572573,0.596362332,0.011,957.5575576
0.3003003,0.719685673,0.006,0.3003003,957.3573574,0.719685673,0.011,957.6576577
0.3003003,0.868511374,0.006,0.3003003,957.4574575,0.868511374,0.011,957.7577578
0.2002002,1.048113134,0.006,0.2002002,957.5575576,1.048113134,0.011,957.7577578
0.2002002,1.264855217,0.006,0.2002002,957.6576577,1.264855217,0.011,957.8578579
0.1001001,1.526417967,0.006,0.1001001,957.7577578,1.526417967,0.011,957.8578579
0.1001001,1.842069969,0.006,0.1001001,957.7577578,1.842069969,0.011,957.8578579
0.1001001,2.222996483,0.006,0.1001001,957.8578579,2.222996483,0.011,957.957958
0.1001001,2.682695795,0.006,0.1001001,957.8578579,2.682695795,0.011,957.957958
0.1001001,3.237457543,0.006,0.1001001,957.8578579,3.237457543,0.011,957.957958
0.1001001,3.906939937,0.006,0.1001001,957.8578579,3.906939937,0.011,957.957958
0,4.714866363,0.006,0,957.957958,4.714866363,0.011,957.957958
0,5.689866029,0.006,0,957.957958,5.689866029,0.011,957.957958
0,6.86648845,0.006,0,957.957958,6.86648845,0.011,957.957958
0,8.286427729,0.006,0,957.957958,8.286427729,0.011,957.957958
0,10,0.006,0,957.957958,10,0.011,957.957958
3.103103103,0.001,0.007,3.103103103,901.2012012,0.001,0.011,904.3043043
3.503503504,0.001206793,0.007,3.503503504,902.4024024,0.001206793,0.011,905.9059059
4.104104104,0.001456348,0.007,4.104104104,903.7037037,0.001456348,0.011,907.8078078
4.604604605,0.001757511,0.007,4.604604605,905.3053053,0.001757511,0.011,909.9099099
5.205205205,0.002120951,0.007,5.205205205,907.007007,0.002120951,0.011,912.2122122
5.805805806,0.002559548,0.007,5.805805806,909.009009,0.002559548,0.011,914.8148148
6.206206206,0.003088844,0.007,6.206206206,911.3113113,0.003088844,0.011,917.5175175
6.706706707,0.003727594,0.007,6.706706707,913.7137137,0.003727594,0.011,920.4204204
7.007007007,0.004498433,0.007,7.007007007,916.4164164,0.004498433,0.011,923.4234234
7.307307307,0.005428675,0.007,7.307307307,919.2192192,0.005428675,0.011,926.5265265
7.307307307,0.006551286,0.007,7.307307307,922.2222222,0.006551286,0.011,929.5295295
7.407407407,0.007906043,0.007,7.407407407,925.2252252,0.007906043,0.011,932.6326326
7.207207207,0.009540955,0.007,7.207207207,928.3283283,0.009540955,0.011,935.5355355
6.906906907,0.011513954,0.007,6.906906907,931.3313313,0.011513954,0.011,938.2382382
6.406406406,0.013894955,0.007,6.406406406,934.3343343,0.013894955,0.011,940.7407407
6.006006006,0.016768329,0.007,6.006006006,937.1371371,0.016768329,0.011,943.1431431
5.505505506,0.020235896,0.007,5.505505506,939.7397397,0.020235896,0.011,945.2452452
4.904904905,0.024420531,0.007,4.904904905,942.1421421,0.024420531,0.011,947.047047
4.304304304,0.029470517,0.007,4.304304304,944.3443443,0.029470517,0.011,948.6486486
3.803803804,0.035564803,0.007,3.803803804,946.3463463,0.035564803,0.011,950.1501502
3.303303303,0.042919343,0.007,3.303303303,948.048048,0.042919343,0.011,951.3513514
2.902902903,0.051794747,0.007,2.902902903,949.5495495,0.051794747,0.011,952.4524525
2.502502503,0.062505519,0.007,2.502502503,950.8508509,0.062505519,0.011,953.3533534
2.002002002,0.075431201,0.007,2.002002002,952.0520521,0.075431201,0.011,954.0540541
1.801801802,0.091029818,0.007,1.801801802,952.952953,0.091029818,0.011,954.7547548
1.501501502,0.109854114,0.007,1.501501502,953.7537538,0.109854114,0.011,955.2552553
1.301301301,0.132571137,0.007,1.301301301,954.4544545,0.132571137,0.011,955.7557558
1.101101101,0.159985872,0.007,1.101101101,955.0550551,0.159985872,0.011,956.1561562
0.900900901,0.193069773,0.007,0.900900901,955.5555556,0.193069773,0.011,956.4564565
0.700700701,0.232995181,0.007,0.700700701,955.955956,0.232995181,0.011,956.6566567
0.600600601,0.28117687,0.007,0.600600601,956.3563564,0.28117687,0.011,956.956957
0.600600601,0.339322177,0.007,0.600600601,956.5565566,0.339322177,0.011,957.1571572
0.4004004,0.409491506,0.007,0.4004004,956.8568569,0.409491506,0.011,957.2572573
0.3003003,0.494171336,0.007,0.3003003,957.0570571,0.494171336,0.011,957.3573574
0.3003003,0.596362332,0.007,0.3003003,957.2572573,0.596362332,0.011,957.5575576
0.2002002,0.719685673,0.007,0.2002002,957.3573574,0.719685673,0.011,957.5575576
0.2002002,0.868511374,0.007,0.2002002,957.4574575,0.868511374,0.011,957.6576577
0.2002002,1.048113134,0.007,0.2002002,957.5575576,1.048113134,0.011,957.7577578
0.1001001,1.264855217,0.007,0.1001001,957.6576577,1.264855217,0.011,957.7577578
0.1001001,1.526417967,0.007,0.1001001,957.7577578,1.526417967,0.011,957.8578579
0.1001001,1.842069969,0.007,0.1001001,957.7577578,1.842069969,0.011,957.8578579
9.09495E-13,2.222996483,0.007,-9.09495E-13,957.8578579,2.222996483,0.011,957.8578579
0.1001001,2.682695795,0.007,0.1001001,957.8578579,2.682695795,0.011,957.957958
0.1001001,3.237457543,0.007,0.1001001,957.8578579,3.237457543,0.011,957.957958
0.1001001,3.906939937,0.007,0.1001001,957.8578579,3.906939937,0.011,957.957958
0,4.714866363,0.007,0,957.957958,4.714866363,0.011,957.957958
0,5.689866029,0.007,0,957.957958,5.689866029,0.011,957.957958
0,6.86648845,0.007,0,957.957958,6.86648845,0.011,957.957958
0,8.286427729,0.007,0,957.957958,8.286427729,0.011,957.957958
0,10,0.007,0,957.957958,10,0.011,957.957958
2.102102102,0.001,0.008,2.102102102,901.2012012,0.001,0.011,903.3033033
2.402402402,0.001206793,0.008,2.402402402,902.4024024,0.001206793,0.011,904.8048048
2.802802803,0.001456348,0.008,2.802802803,903.7037037,0.001456348,0.011,906.5065065
3.103103103,0.001757511,0.008,3.103103103,905.3053053,0.001757511,0.011,908.4084084
3.503503504,0.002120951,0.008,3.503503504,907.007007,0.002120951,0.011,910.5105105
3.903903904,0.002559548,0.008,3.903903904,909.009009,0.002559548,0.011,912.9129129
4.204204204,0.003088844,0.008,4.204204204,911.3113113,0.003088844,0.011,915.5155155
4.604604605,0.003727594,0.008,4.604604605,913.7137137,0.003727594,0.011,918.3183183
4.804804805,0.004498433,0.008,4.804804805,916.4164164,0.004498433,0.011,921.2212212
5.105105105,0.005428675,0.008,5.105105105,919.2192192,0.005428675,0.011,924.3243243
5.205205205,0.006551286,0.008,5.205205205,922.2222222,0.006551286,0.011,927.4274274
5.205205205,0.007906043,0.008,5.205205205,925.2252252,0.007906043,0.011,930.4304304
5.105105105,0.009540955,0.008,5.105105105,928.3283283,0.009540955,0.011,933.4334334
5.005005005,0.011513954,0.008,5.005005005,931.3313313,0.011513954,0.011,936.3363363
4.704704705,0.013894955,0.008,4.704704705,934.3343343,0.013894955,0.011,939.039039
4.304304304,0.016768329,0.008,4.304304304,937.1371371,0.016768329,0.011,941.4414414
4.004004004,0.020235896,0.008,4.004004004,939.7397397,0.020235896,0.011,943.7437437
3.603603604,0.024420531,0.008,3.603603604,942.1421421,0.024420531,0.011,945.7457457
3.203203203,0.029470517,0.008,3.203203203,944.3443443,0.029470517,0.011,947.5475475
2.802802803,0.035564803,0.008,2.802802803,946.3463463,0.035564803,0.011,949.1491491
2.502502503,0.042919343,0.008,2.502502503,948.048048,0.042919343,0.011,950.5505506
2.102102102,0.051794747,0.008,2.102102102,949.5495495,0.051794747,0.011,951.6516517
1.801801802,0.062505519,0.008,1.801801802,950.8508509,0.062505519,0.011,952.6526527
1.501501502,0.075431201,0.008,1.501501502,952.0520521,0.075431201,0.011,953.5535536
1.301301301,0.091029818,0.008,1.301301301,952.952953,0.091029818,0.011,954.2542543
1.101101101,0.109854114,0.008,1.101101101,953.7537538,0.109854114,0.011,954.8548549
1.001001001,0.132571137,0.008,1.001001001,954.4544545,0.132571137,0.011,955.4554555
0.800800801,0.159985872,0.008,0.800800801,955.0550551,0.159985872,0.011,955.8558559
0.700700701,0.193069773,0.008,0.700700701,955.5555556,0.193069773,0.011,956.2562563
0.600600601,0.232995181,0.008,0.600600601,955.955956,0.232995181,0.011,956.5565566
0.4004004,0.28117687,0.008,0.4004004,956.3563564,0.28117687,0.011,956.7567568
0.4004004,0.339322177,0.008,0.4004004,956.5565566,0.339322177,0.011,956.956957
0.3003003,0.409491506,0.008,0.3003003,956.8568569,0.409491506,0.011,957.1571572
0.3003003,0.494171336,0.008,0.3003003,957.0570571,0.494171336,0.011,957.3573574
0.2002002,0.596362332,0.008,0.2002002,957.2572573,0.596362332,0.011,957.4574575
0.2002002,0.719685673,0.008,0.2002002,957.3573574,0.719685673,0.011,957.5575576
0.2002002,0.868511374,0.008,0.2002002,957.4574575,0.868511374,0.011,957.6576577
0.1001001,1.048113134,0.008,0.1001001,957.5575576,1.048113134,0.011,957.6576577
0.1001001,1.264855217,0.008,0.1001001,957.6576577,1.264855217,0.011,957.7577578
0,1.526417967,0.008,0,957.7577578,1.526417967,0.011,957.7577578
0.1001001,1.842069969,0.008,0.1001001,957.7577578,1.842069969,0.011,957.8578579
9.09495E-13,2.222996483,0.008,-9.09495E-13,957.8578579,2.222996483,0.011,957.8578579
9.09495E-13,2.682695795,0.008,-9.09495E-13,957.8578579,2.682695795,0.011,957.8578579
0.1001001,3.237457543,0.008,0.1001001,957.8578579,3.237457543,0.011,957.957958
0.1001001,3.906939937,0.008,0.1001001,957.8578579,3.906939937,0.011,957.957958
0,4.714866363,0.008,0,957.957958,4.714866363,0.011,957.957958
0,5.689866029,0.008,0,957.957958,5.689866029,0.011,957.957958
0,6.86648845,0.008,0,957.957958,6.86648845,0.011,957.957958
0,8.286427729,0.008,0,957.957958,8.286427729,0.011,957.957958
0,10,0.008,0,957.957958,10,0.011,957.957958
1.201201201,0.001,0.009,1.201201201,901.2012012,0.001,0.011,902.4024024
1.401401401,0.001206793,0.009,1.401401401,902.4024024,0.001206793,0.011,903.8038038
1.701701702,0.001456348,0.009,1.701701702,903.7037037,0.001456348,0.011,905.4054054
1.901901902,0.001757511,0.009,1.901901902,905.3053053,0.001757511,0.011,907.2072072
2.202202202,0.002120951,0.009,2.202202202,907.007007,0.002120951,0.011,909.2092092
2.402402402,0.002559548,0.009,2.402402402,909.009009,0.002559548,0.011,911.4114114
2.602602603,0.003088844,0.009,2.602602603,911.3113113,0.003088844,0.011,913.9139139
2.902902903,0.003727594,0.009,2.902902903,913.7137137,0.003727594,0.011,916.6166166
3.003003003,0.004498433,0.009,3.003003003,916.4164164,0.004498433,0.011,919.4194194
3.203203203,0.005428675,0.009,3.203203203,919.2192192,0.005428675,0.011,922.4224224
3.203203203,0.006551286,0.009,3.203203203,922.2222222,0.006551286,0.011,925.4254254
3.303303303,0.007906043,0.009,3.303303303,925.2252252,0.007906043,0.011,928.5285285
3.203203203,0.009540955,0.009,3.203203203,928.3283283,0.009540955,0.011,931.5315315
3.203203203,0.011513954,0.009,3.203203203,931.3313313,0.011513954,0.011,934.5345345
3.003003003,0.013894955,0.009,3.003003003,934.3343343,0.013894955,0.011,937.3373373
2.802802803,0.016768329,0.009,2.802802803,937.1371371,0.016768329,0.011,939.9399399
2.602602603,0.020235896,0.009,2.602602603,939.7397397,0.020235896,0.011,942.3423423
2.402402402,0.024420531,0.009,2.402402402,942.1421421,0.024420531,0.011,944.5445445
2.102102102,0.029470517,0.009,2.102102102,944.3443443,0.029470517,0.011,946.4464464
1.801801802,0.035564803,0.009,1.801801802,946.3463463,0.035564803,0.011,948.1481481
1.601601602,0.042919343,0.009,1.601601602,948.048048,0.042919343,0.011,949.6496496
1.401401401,0.051794747,0.009,1.401401401,949.5495495,0.051794747,0.011,950.950951
1.201201201,0.062505519,0.009,1.201201201,950.8508509,0.062505519,0.011,952.0520521
1.001001001,0.075431201,0.009,1.001001001,952.0520521,0.075431201,0.011,953.0530531
0.900900901,0.091029818,0.009,0.900900901,952.952953,0.091029818,0.011,953.8538539
0.800800801,0.109854114,0.009,0.800800801,953.7537538,0.109854114,0.011,954.5545546
0.600600601,0.132571137,0.009,0.600600601,954.4544545,0.132571137,0.011,955.0550551
0.5005005,0.159985872,0.009,0.5005005,955.0550551,0.159985872,0.011,955.5555556
0.4004004,0.193069773,0.009,0.4004004,955.5555556,0.193069773,0.011,955.955956
0.4004004,0.232995181,0.009,0.4004004,955.955956,0.232995181,0.011,956.3563564
0.3003003,0.28117687,0.009,0.3003003,956.3563564,0.28117687,0.011,956.6566567
0.3003003,0.339322177,0.009,0.3003003,956.5565566,0.339322177,0.011,956.8568569
0.2002002,0.409491506,0.009,0.2002002,956.8568569,0.409491506,0.011,957.0570571
0.2002002,0.494171336,0.009,0.2002002,957.0570571,0.494171336,0.011,957.2572573
0.1001001,0.596362332,0.009,0.1001001,957.2572573,0.596362332,0.011,957.3573574
0.1001001,0.719685673,0.009,0.1001001,957.3573574,0.719685673,0.011,957.4574575
0.1001001,0.868511374,0.009,0.1001001,957.4574575,0.868511374,0.011,957.5575576
0.1001001,1.048113134,0.009,0.1001001,957.5575576,1.048113134,0.011,957.6576577
0.1001001,1.264855217,0.009,0.1001001,957.6576577,1.264855217,0.011,957.7577578
0,1.526417967,0.009,0,957.7577578,1.526417967,0.011,957.7577578
0.1001001,1.842069969,0.009,0.1001001,957.7577578,1.842069969,0.011,957.8578579
9.09495E-13,2.222996483,0.009,-9.09495E-13,957.8578579,2.222996483,0.011,957.8578579
9.09495E-13,2.682695795,0.009,-9.09495E-13,957.8578579,2.682695795,0.011,957.8578579
9.09495E-13,3.237457543,0.009,-9.09495E-13,957.8578579,3.237457543,0.011,957.8578579
0.1001001,3.906939937,0.009,0.1001001,957.8578579,3.906939937,0.011,957.957958
0,4.714866363,0.009,0,957.957958,4.714866363,0.011,957.957958
0,5.689866029,0.009,0,957.957958,5.689866029,0.011,957.957958
0,6.86648845,0.009,0,957.957958,6.86648845,0.011,957.957958
0,8.286427729,0.009,0,957.957958,8.286427729,0.011,957.957958
0,10,0.009,0,957.957958,10,0.011,957.957958
0.600600601,0.001,0.01,0.600600601,901.2012012,0.001,0.011,901.8018018
0.600600601,0.001206793,0.01,0.600600601,902.4024024,0.001206793,0.011,903.003003
0.800800801,0.001456348,0.01,0.800800801,903.7037037,0.001456348,0.011,904.5045045
0.800800801,0.001757511,0.01,0.800800801,905.3053053,0.001757511,0.011,906.1061061
1.001001001,0.002120951,0.01,1.001001001,907.007007,0.002120951,0.011,908.008008
1.101101101,0.002559548,0.01,1.101101101,909.009009,0.002559548,0.011,910.1101101
1.201201201,0.003088844,0.01,1.201201201,911.3113113,0.003088844,0.011,912.5125125
1.301301301,0.003727594,0.01,1.301301301,913.7137137,0.003727594,0.011,915.015015
1.401401401,0.004498433,0.01,1.401401401,916.4164164,0.004498433,0.011,917.8178178
1.501501502,0.005428675,0.01,1.501501502,919.2192192,0.005428675,0.011,920.7207207
1.501501502,0.006551286,0.01,1.501501502,922.2222222,0.006551286,0.011,923.7237237
1.601601602,0.007906043,0.01,1.601601602,925.2252252,0.007906043,0.011,926.8268268
1.601601602,0.009540955,0.01,1.601601602,928.3283283,0.009540955,0.011,929.9299299
1.601601602,0.011513954,0.01,1.601601602,931.3313313,0.011513954,0.011,932.9329329
1.401401401,0.013894955,0.01,1.401401401,934.3343343,0.013894955,0.011,935.7357357
1.401401401,0.016768329,0.01,1.401401401,937.1371371,0.016768329,0.011,938.5385385
1.301301301,0.020235896,0.01,1.301301301,939.7397397,0.020235896,0.011,941.041041
1.201201201,0.024420531,0.01,1.201201201,942.1421421,0.024420531,0.011,943.3433433
1.101101101,0.029470517,0.01,1.101101101,944.3443443,0.029470517,0.011,945.4454454
0.900900901,0.035564803,0.01,0.900900901,946.3463463,0.035564803,0.011,947.2472472
0.800800801,0.042919343,0.01,0.800800801,948.048048,0.042919343,0.011,948.8488488
0.700700701,0.051794747,0.01,0.700700701,949.5495495,0.051794747,0.011,950.2502503
0.600600601,0.062505519,0.01,0.600600601,950.8508509,0.062505519,0.011,951.4514515
0.5005005,0.075431201,0.01,0.5005005,952.0520521,0.075431201,0.011,952.5525526
0.4004004,0.091029818,0.01,0.4004004,952.952953,0.091029818,0.011,953.3533534
0.4004004,0.109854114,0.01,0.4004004,953.7537538,0.109854114,0.011,954.1541542
0.3003003,0.132571137,0.01,0.3003003,954.4544545,0.132571137,0.011,954.7547548
0.3003003,0.159985872,0.01,0.3003003,955.0550551,0.159985872,0.011,955.3553554
0.2002002,0.193069773,0.01,0.2002002,955.5555556,0.193069773,0.011,955.7557558
0.2002002,0.232995181,0.01,0.2002002,955.955956,0.232995181,0.011,956.1561562
0.1001001,0.28117687,0.01,0.1001001,956.3563564,0.28117687,0.011,956.4564565
0.2002002,0.339322177,0.01,0.2002002,956.5565566,0.339322177,0.011,956.7567568
0.1001001,0.409491506,0.01,0.1001001,956.8568569,0.409491506,0.011,956.956957
0.1001001,0.494171336,0.01,0.1001001,957.0570571,0.494171336,0.011,957.1571572
0,0.596362332,0.01,0,957.2572573,0.596362332,0.011,957.2572573
0.1001001,0.719685673,0.01,0.1001001,957.3573574,0.719685673,0.011,957.4574575
0.1001001,0.868511374,0.01,0.1001001,957.4574575,0.868511374,0.011,957.5575576
0,1.048113134,0.01,0,957.5575576,1.048113134,0.011,957.5575576
0,1.264855217,0.01,0,957.6576577,1.264855217,0.011,957.6576577
0,1.526417967,0.01,0,957.7577578,1.526417967,0.011,957.7577578
0,1.842069969,0.01,0,957.7577578,1.842069969,0.011,957.7577578
9.09495E-13,2.222996483,0.01,-9.09495E-13,957.8578579,2.222996483,0.011,957.8578579
9.09495E-13,2.682695795,0.01,-9.09495E-13,957.8578579,2.682695795,0.011,957.8578579
9.09495E-13,3.237457543,0.01,-9.09495E-13,957.8578579,3.237457543,0.011,957.8578579
0.1001001,3.906939937,0.01,0.1001001,957.8578579,3.906939937,0.011,957.957958
0,4.714866363,0.01,0,957.957958,4.714866363,0.011,957.957958
0,5.689866029,0.01,0,957.957958,5.689866029,0.011,957.957958
0,6.86648845,0.01,0,957.957958,6.86648845,0.011,957.957958
0,8.286427729,0.01,0,957.957958,8.286427729,0.011,957.957958
0,10,0.01,0,957.957958,10,0.011,957.957958
0,0.001,0.011,0,901.2012012,0.001,0.011,901.2012012
0,0.001206793,0.011,0,902.4024024,0.001206793,0.011,902.4024024
0,0.001456348,0.011,0,903.7037037,0.001456348,0.011,903.7037037
0,0.001757511,0.011,0,905.3053053,0.001757511,0.011,905.3053053
0,0.002120951,0.011,0,907.007007,0.002120951,0.011,907.007007
0,0.002559548,0.011,0,909.009009,0.002559548,0.011,909.009009
0,0.003088844,0.011,0,911.3113113,0.003088844,0.011,911.3113113
0,0.003727594,0.011,0,913.7137137,0.003727594,0.011,913.7137137
0,0.004498433,0.011,0,916.4164164,0.004498433,0.011,916.4164164
0,0.005428675,0.011,0,919.2192192,0.005428675,0.011,919.2192192
0,0.006551286,0.011,0,922.2222222,0.006551286,0.011,922.2222222
0,0.007906043,0.011,0,925.2252252,0.007906043,0.011,925.2252252
0,0.009540955,0.011,0,928.3283283,0.009540955,0.011,928.3283283
0,0.011513954,0.011,0,931.3313313,0.011513954,0.011,931.3313313
0,0.013894955,0.011,0,934.3343343,0.013894955,0.011,934.3343343
0,0.016768329,0.011,0,937.1371371,0.016768329,0.011,937.1371371
0,0.020235896,0.011,0,939.7397397,0.020235896,0.011,939.7397397
0,0.024420531,0.011,0,942.1421421,0.024420531,0.011,942.1421421
0,0.029470517,0.011,0,944.3443443,0.029470517,0.011,944.3443443
0,0.035564803,0.011,0,946.3463463,0.035564803,0.011,946.3463463
0,0.042919343,0.011,0,948.048048,0.042919343,0.011,948.048048
0,0.051794747,0.011,0,949.5495495,0.051794747,0.011,949.5495495
9.09495E-13,0.062505519,0.011,-9.09495E-13,950.8508509,0.062505519,0.011,950.8508509
0,0.075431201,0.011,0,952.0520521,0.075431201,0.011,952.0520521
0,0.091029818,0.011,0,952.952953,0.091029818,0.011,952.952953
0,0.109854114,0.011,0,953.7537538,0.109854114,0.011,953.7537538
0,0.132571137,0.011,0,954.4544545,0.132571137,0.011,954.4544545
0,0.159985872,0.011,0,955.0550551,0.159985872,0.011,955.0550551
0,0.193069773,0.011,0,955.5555556,0.193069773,0.011,955.5555556
9.09495E-13,0.232995181,0.011,-9.09495E-13,955.955956,0.232995181,0.011,955.955956
0,0.28117687,0.011,0,956.3563564,0.28117687,0.011,956.3563564
0,0.339322177,0.011,0,956.5565566,0.339322177,0.011,956.5565566
9.09495E-13,0.409491506,0.011,-9.09495E-13,956.8568569,0.409491506,0.011,956.8568569
0,0.494171336,0.011,0,957.0570571,0.494171336,0.011,957.0570571
0,0.596362332,0.011,0,957.2572573,0.596362332,0.011,957.2572573
0,0.719685673,0.011,0,957.3573574,0.719685673,0.011,957.3573574
0,0.868511374,0.011,0,957.4574575,0.868511374,0.011,957.4574575
0,1.048113134,0.011,0,957.5575576,1.048113134,0.011,957.5575576
0,1.264855217,0.011,0,957.6576577,1.264855217,0.011,957.6576577
0,1.526417967,0.011,0,957.7577578,1.526417967,0.011,957.7577578
0,1.842069969,0.011,0,957.7577578,1.842069969,0.011,957.7577578
9.09495E-13,2.222996483,0.011,-9.09495E-13,957.8578579,2.222996483,0.011,957.8578579
9.09495E-13,2.682695795,0.011,-9.09495E-13,957.8578579,2.682695795,0.011,957.8578579
9.09495E-13,3.237457543,0.011,-9.09495E-13,957.8578579,3.237457543,0.011,957.8578579
9.09495E-13,3.906939937,0.011,-9.09495E-13,957.8578579,3.906939937,0.011,957.8578579
0,4.714866363,0.011,0,957.957958,4.714866363,0.011,957.957958
0,5.689866029,0.011,0,957.957958,5.689866029,0.011,957.957958
0,6.86648845,0.011,0,957.957958,6.86648845,0.011,957.957958
0,8.286427729,0.011,0,957.957958,8.286427729,0.011,957.957958
0,10,0.011,0,957.957958,10,0.011,957.957958
0.45045045,0.001,0.012,-0.45045045,901.2012012,0.001,0.011,900.7507508
0.600600601,0.001206793,0.012,-0.600600601,902.4024024,0.001206793,0.011,901.8018018
0.700700701,0.001456348,0.012,-0.700700701,903.7037037,0.001456348,0.011,903.003003
0.800800801,0.001757511,0.012,-0.800800801,905.3053053,0.001757511,0.011,904.5045045
0.850850851,0.002120951,0.012,-0.850850851,907.007007,0.002120951,0.011,906.1561562
0.900900901,0.002559548,0.012,-0.900900901,909.009009,0.002559548,0.011,908.1081081
1.101101101,0.003088844,0.012,-1.101101101,911.3113113,0.003088844,0.011,910.2102102
1.101101101,0.003727594,0.012,-1.101101101,913.7137137,0.003727594,0.011,912.6126126
1.251251251,0.004498433,0.012,-1.251251251,916.4164164,0.004498433,0.011,915.1651652
1.351351351,0.005428675,0.012,-1.351351351,919.2192192,0.005428675,0.011,917.8678679
1.351351351,0.006551286,0.012,-1.351351351,922.2222222,0.006551286,0.011,920.8708709
1.351351351,0.007906043,0.012,-1.351351351,925.2252252,0.007906043,0.011,923.8738739
1.451451451,0.009540955,0.012,-1.451451451,928.3283283,0.009540955,0.011,926.8768769
1.301301301,0.011513954,0.012,-1.301301301,931.3313313,0.011513954,0.011,930.03003
1.301301301,0.013894955,0.012,-1.301301301,934.3343343,0.013894955,0.011,933.033033
1.251251251,0.016768329,0.012,-1.251251251,937.1371371,0.016768329,0.011,935.8858859
1.151151151,0.020235896,0.012,-1.151151151,939.7397397,0.020235896,0.011,938.5885886
1.001001001,0.024420531,0.012,-1.001001001,942.1421421,0.024420531,0.011,941.1411411
0.950950951,0.029470517,0.012,-0.950950951,944.3443443,0.029470517,0.011,943.3933934
0.850850851,0.035564803,0.012,-0.850850851,946.3463463,0.035564803,0.011,945.4954955
0.750750751,0.042919343,0.012,-0.750750751,948.048048,0.042919343,0.011,947.2972973
0.600600601,0.051794747,0.012,-0.600600601,949.5495495,0.051794747,0.011,948.9489489
0.550550551,0.062505519,0.012,-0.550550551,950.8508509,0.062505519,0.011,950.3003003
0.550550551,0.075431201,0.012,-0.550550551,952.0520521,0.075431201,0.011,951.5015015
0.4004004,0.091029818,0.012,-0.4004004,952.952953,0.091029818,0.011,952.5525526
0.3003003,0.109854114,0.012,-0.3003003,953.7537538,0.109854114,0.011,953.4534535
0.25025025,0.132571137,0.012,-0.25025025,954.4544545,0.132571137,0.011,954.2042042
0.25025025,0.159985872,0.012,-0.25025025,955.0550551,0.159985872,0.011,954.8048048
0.15015015,0.193069773,0.012,-0.15015015,955.5555556,0.193069773,0.011,955.4054054
0.1001001,0.232995181,0.012,-0.1001001,955.955956,0.232995181,0.011,955.8558559
0.2002002,0.28117687,0.012,-0.2002002,956.3563564,0.28117687,0.011,956.1561562
0.1001001,0.339322177,0.012,-0.1001001,956.5565566,0.339322177,0.011,956.4564565
0.1001001,0.409491506,0.012,-0.1001001,956.8568569,0.409491506,0.011,956.7567568
0.15015015,0.494171336,0.012,-0.15015015,957.0570571,0.494171336,0.011,956.9069069
0.05005005,0.596362332,0.012,-0.05005005,957.2572573,0.596362332,0.011,957.2072072
0,0.719685673,0.012,0,957.3573574,0.719685673,0.011,957.3573574
0.1001001,0.868511374,0.012,-0.1001001,957.4574575,0.868511374,0.011,957.3573574
0.05005005,1.048113134,0.012,-0.05005005,957.5575576,1.048113134,0.011,957.5075075
0,1.264855217,0.012,0,957.6576577,1.264855217,0.011,957.6576577
0.1001001,1.526417967,0.012,-0.1001001,957.7577578,1.526417967,0.011,957.6576577
0.05005005,1.842069969,0.012,0.05005005,957.7577578,1.842069969,0.011,957.8078078
0.05005005,2.222996483,0.012,-0.05005005,957.8578579,2.222996483,0.011,957.8078078
0.05005005,2.682695795,0.012,-0.05005005,957.8578579,2.682695795,0.011,957.8078078
0.05005005,3.237457543,0.012,-0.05005005,957.8578579,3.237457543,0.011,957.8078078
0.1001001,3.906939937,0.012,0.1001001,957.8578579,3.906939937,0.011,957.957958
0,4.714866363,0.012,0,957.957958,4.714866363,0.011,957.957958
0,5.689866029,0.012,0,957.957958,5.689866029,0.011,957.957958
0,6.86648845,0.012,0,957.957958,6.86648845,0.011,957.957958
0,8.286427729,0.012,0,957.957958,8.286427729,0.011,957.957958
0,10,0.012,0,957.957958,10,0.011,957.957958
0.900900901,0.001,0.013,-0.900900901,901.2012012,0.001,0.011,900.3003003
1.051051051,0.001206793,0.013,-1.051051051,902.4024024,0.001206793,0.011,901.3513514
1.151151151,0.001456348,0.013,-1.151151151,903.7037037,0.001456348,0.011,902.5525526
1.401401401,0.001757511,0.013,-1.401401401,905.3053053,0.001757511,0.011,903.9039039
1.601601602,0.002120951,0.013,-1.601601602,907.007007,0.002120951,0.011,905.4054054
1.801801802,0.002559548,0.013,-1.801801802,909.009009,0.002559548,0.011,907.2072072
2.002002002,0.003088844,0.013,-2.002002002,911.3113113,0.003088844,0.011,909.3093093
2.152152152,0.003727594,0.013,-2.152152152,913.7137137,0.003727594,0.011,911.5615616
2.452452452,0.004498433,0.013,-2.452452452,916.4164164,0.004498433,0.011,913.963964
2.552552553,0.005428675,0.013,-2.552552553,919.2192192,0.005428675,0.011,916.6666667
2.702702703,0.006551286,0.013,-2.702702703,922.2222222,0.006551286,0.011,919.5195195
2.702702703,0.007906043,0.013,-2.702702703,925.2252252,0.007906043,0.011,922.5225225
2.802802803,0.009540955,0.013,-2.802802803,928.3283283,0.009540955,0.011,925.5255255
2.652652653,0.011513954,0.013,-2.652652653,931.3313313,0.011513954,0.011,928.6786787
2.652652653,0.013894955,0.013,-2.652652653,934.3343343,0.013894955,0.011,931.6816817
2.452452452,0.016768329,0.013,-2.452452452,937.1371371,0.016768329,0.011,934.6846847
2.352352352,0.020235896,0.013,-2.352352352,939.7397397,0.020235896,0.011,937.3873874
2.052052052,0.024420531,0.013,-2.052052052,942.1421421,0.024420531,0.011,940.0900901
1.851851852,0.029470517,0.013,-1.851851852,944.3443443,0.029470517,0.011,942.4924925
1.751751752,0.035564803,0.013,-1.751751752,946.3463463,0.035564803,0.011,944.5945946
1.501501502,0.042919343,0.013,-1.501501502,948.048048,0.042919343,0.011,946.5465465
1.351351351,0.051794747,0.013,-1.351351351,949.5495495,0.051794747,0.011,948.1981982
1.151151151,0.062505519,0.013,-1.151151151,950.8508509,0.062505519,0.011,949.6996997
1.001001001,0.075431201,0.013,-1.001001001,952.0520521,0.075431201,0.011,951.0510511
0.850850851,0.091029818,0.013,-0.850850851,952.952953,0.091029818,0.011,952.1021021
0.750750751,0.109854114,0.013,-0.750750751,953.7537538,0.109854114,0.011,953.003003
0.550550551,0.132571137,0.013,-0.550550551,954.4544545,0.132571137,0.011,953.9039039
0.550550551,0.159985872,0.013,-0.550550551,955.0550551,0.159985872,0.011,954.5045045
0.45045045,0.193069773,0.013,-0.45045045,955.5555556,0.193069773,0.011,955.1051051
0.4004004,0.232995181,0.013,-0.4004004,955.955956,0.232995181,0.011,955.5555556
0.35035035,0.28117687,0.013,-0.35035035,956.3563564,0.28117687,0.011,956.006006
0.25025025,0.339322177,0.013,-0.25025025,956.5565566,0.339322177,0.011,956.3063063
0.25025025,0.409491506,0.013,-0.25025025,956.8568569,0.409491506,0.011,956.6066066
0.15015015,0.494171336,0.013,-0.15015015,957.0570571,0.494171336,0.011,956.9069069
0.2002002,0.596362332,0.013,-0.2002002,957.2572573,0.596362332,0.011,957.0570571
0.15015015,0.719685673,0.013,-0.15015015,957.3573574,0.719685673,0.011,957.2072072
0.1001001,0.868511374,0.013,-0.1001001,957.4574575,0.868511374,0.011,957.3573574
0.05005005,1.048113134,0.013,-0.05005005,957.5575576,1.048113134,0.011,957.5075075
0.15015015,1.264855217,0.013,-0.15015015,957.6576577,1.264855217,0.011,957.5075075
0.1001001,1.526417967,0.013,-0.1001001,957.7577578,1.526417967,0.011,957.6576577
0.1001001,1.842069969,0.013,-0.1001001,957.7577578,1.842069969,0.011,957.6576577
0.05005005,2.222996483,0.013,-0.05005005,957.8578579,2.222996483,0.011,957.8078078
0.05005005,2.682695795,0.013,-0.05005005,957.8578579,2.682695795,0.011,957.8078078
0.05005005,3.237457543,0.013,-0.05005005,957.8578579,3.237457543,0.011,957.8078078
0.05005005,3.906939937,0.013,-0.05005005,957.8578579,3.906939937,0.011,957.8078078
0,4.714866363,0.013,0,957.957958,4.714866363,0.011,957.957958
0,5.689866029,0.013,0,957.957958,5.689866029,0.011,957.957958
0,6.86648845,0.013,0,957.957958,6.86648845,0.011,957.957958
0,8.286427729,0.013,0,957.957958,8.286427729,0.011,957.957958
0,10,0.013,0,957.957958,10,0.011,957.957958
1.201201201,0.001,0.014,-1.201201201,901.2012012,0.001,0.011,900
1.501501502,0.001206793,0.014,-1.501501502,902.4024024,0.001206793,0.011,900.9009009
1.751751752,0.001456348,0.014,-1.751751752,903.7037037,0.001456348,0.011,901.951952
2.002002002,0.001757511,0.014,-2.002002002,905.3053053,0.001757511,0.011,903.3033033
2.202202202,0.002120951,0.014,-2.202202202,907.007007,0.002120951,0.011,904.8048048
2.552552553,0.002559548,0.014,-2.552552553,909.009009,0.002559548,0.011,906.4564565
2.902902903,0.003088844,0.014,-2.902902903,911.3113113,0.003088844,0.011,908.4084084
3.053053053,0.003727594,0.014,-3.053053053,913.7137137,0.003727594,0.011,910.6606607
3.353353353,0.004498433,0.014,-3.353353353,916.4164164,0.004498433,0.011,913.0630631
3.603603604,0.005428675,0.014,-3.603603604,919.2192192,0.005428675,0.011,915.6156156
3.753753754,0.006551286,0.014,-3.753753754,922.2222222,0.006551286,0.011,918.4684685
3.903903904,0.007906043,0.014,-3.903903904,925.2252252,0.007906043,0.011,921.3213213
4.004004004,0.009540955,0.014,-4.004004004,928.3283283,0.009540955,0.011,924.3243243
3.853853854,0.011513954,0.014,-3.853853854,931.3313313,0.011513954,0.011,927.4774775
3.853853854,0.013894955,0.014,-3.853853854,934.3343343,0.013894955,0.011,930.4804805
3.653653654,0.016768329,0.014,-3.653653654,937.1371371,0.016768329,0.011,933.4834835
3.403403403,0.020235896,0.014,-3.403403403,939.7397397,0.020235896,0.011,936.3363363
3.103103103,0.024420531,0.014,-3.103103103,942.1421421,0.024420531,0.011,939.039039
2.752752753,0.029470517,0.014,-2.752752753,944.3443443,0.029470517,0.011,941.5915916
2.502502503,0.035564803,0.014,-2.502502503,946.3463463,0.035564803,0.011,943.8438438
2.252252252,0.042919343,0.014,-2.252252252,948.048048,0.042919343,0.011,945.7957958
1.951951952,0.051794747,0.014,-1.951951952,949.5495495,0.051794747,0.011,947.5975976
1.751751752,0.062505519,0.014,-1.751751752,950.8508509,0.062505519,0.011,949.0990991
1.451451451,0.075431201,0.014,-1.451451451,952.0520521,0.075431201,0.011,950.6006006
1.301301301,0.091029818,0.014,-1.301301301,952.952953,0.091029818,0.011,951.6516517
1.051051051,0.109854114,0.014,-1.051051051,953.7537538,0.109854114,0.011,952.7027027
0.850850851,0.132571137,0.014,-0.850850851,954.4544545,0.132571137,0.011,953.6036036
0.700700701,0.159985872,0.014,-0.700700701,955.0550551,0.159985872,0.011,954.3543544
0.600600601,0.193069773,0.014,-0.600600601,955.5555556,0.193069773,0.011,954.954955
0.550550551,0.232995181,0.014,-0.550550551,955.955956,0.232995181,0.011,955.4054054
0.500500501,0.28117687,0.014,-0.500500501,956.3563564,0.28117687,0.011,955.8558559
0.4004004,0.339322177,0.014,-0.4004004,956.5565566,0.339322177,0.011,956.1561562
0.4004004,0.409491506,0.014,-0.4004004,956.8568569,0.409491506,0.011,956.4564565
0.3003003,0.494171336,0.014,-0.3003003,957.0570571,0.494171336,0.011,956.7567568
0.2002002,0.596362332,0.014,-0.2002002,957.2572573,0.596362332,0.011,957.0570571
0.15015015,0.719685673,0.014,-0.15015015,957.3573574,0.719685673,0.011,957.2072072
0.1001001,0.868511374,0.014,-0.1001001,957.4574575,0.868511374,0.011,957.3573574
0.05005005,1.048113134,0.014,-0.05005005,957.5575576,1.048113134,0.011,957.5075075
0.15015015,1.264855217,0.014,-0.15015015,957.6576577,1.264855217,0.011,957.5075075
0.1001001,1.526417967,0.014,-0.1001001,957.7577578,1.526417967,0.011,957.6576577
0.1001001,1.842069969,0.014,-0.1001001,957.7577578,1.842069969,0.011,957.6576577
0.05005005,2.222996483,0.014,-0.05005005,957.8578579,2.222996483,0.011,957.8078078
0.05005005,2.682695795,0.014,-0.05005005,957.8578579,2.682695795,0.011,957.8078078
0.05005005,3.237457543,0.014,-0.05005005,957.8578579,3.237457543,0.011,957.8078078
0.05005005,3.906939937,0.014,-0.05005005,957.8578579,3.906939937,0.011,957.8078078
0,4.714866363,0.014,0,957.957958,4.714866363,0.011,957.957958
0,5.689866029,0.014,0,957.957958,5.689866029,0.011,957.957958
0,6.86648845,0.014,0,957.957958,6.86648845,0.011,957.957958
0,8.286427729,0.014,0,957.957958,8.286427729,0.011,957.957958
0,10,0.014,0,957.957958,10,0.011,957.957958
1.651651652,0.001,0.015,-1.651651652,901.2012012,0.001,0.011,899.5495495
1.951951952,0.001206793,0.015,-1.951951952,902.4024024,0.001206793,0.011,900.4504505
2.202202202,0.001456348,0.015,-2.202202202,903.7037037,0.001456348,0.011,901.5015015
2.452452452,0.001757511,0.015,-2.452452452,905.3053053,0.001757511,0.011,902.8528529
2.802802803,0.002120951,0.015,-2.802802803,907.007007,0.002120951,0.011,904.2042042
3.153153153,0.002559548,0.015,-3.153153153,909.009009,0.002559548,0.011,905.8558559
3.653653654,0.003088844,0.015,-3.653653654,911.3113113,0.003088844,0.011,907.6576577
3.953953954,0.003727594,0.015,-3.953953954,913.7137137,0.003727594,0.011,909.7597598
4.254254254,0.004498433,0.015,-4.254254254,916.4164164,0.004498433,0.011,912.1621622
4.654654655,0.005428675,0.015,-4.654654655,919.2192192,0.005428675,0.011,914.5645646
4.804804805,0.006551286,0.015,-4.804804805,922.2222222,0.006551286,0.011,917.4174174
4.954954955,0.007906043,0.015,-4.954954955,925.2252252,0.007906043,0.011,920.2702703
5.055055055,0.009540955,0.015,-5.055055055,928.3283283,0.009540955,0.011,923.2732733
5.055055055,0.011513954,0.015,-5.055055055,931.3313313,0.011513954,0.011,926.2762763
4.904904905,0.013894955,0.015,-4.904904905,934.3343343,0.013894955,0.011,929.4294294
4.704704705,0.016768329,0.015,-4.704704705,937.1371371,0.016768329,0.011,932.4324324
4.454454454,0.020235896,0.015,-4.454454454,939.7397397,0.020235896,0.011,935.2852853
4.004004004,0.024420531,0.015,-4.004004004,942.1421421,0.024420531,0.011,938.1381381
3.653653654,0.029470517,0.015,-3.653653654,944.3443443,0.029470517,0.011,940.6906907
3.403403403,0.035564803,0.015,-3.403403403,946.3463463,0.035564803,0.011,942.9429429
3.003003003,0.042919343,0.015,-3.003003003,948.048048,0.042919343,0.011,945.045045
2.552552553,0.051794747,0.015,-2.552552553,949.5495495,0.051794747,0.011,946.996997
2.202202202,0.062505519,0.015,-2.202202202,950.8508509,0.062505519,0.011,948.6486486
2.052052052,0.075431201,0.015,-2.052052052,952.0520521,0.075431201,0.011,950
1.601601602,0.091029818,0.015,-1.601601602,952.952953,0.091029818,0.011,951.3513514
1.351351351,0.109854114,0.015,-1.351351351,953.7537538,0.109854114,0.011,952.4024024
1.151151151,0.132571137,0.015,-1.151151151,954.4544545,0.132571137,0.011,953.3033033
1.001001001,0.159985872,0.015,-1.001001001,955.0550551,0.159985872,0.011,954.0540541
0.900900901,0.193069773,0.015,-0.900900901,955.5555556,0.193069773,0.011,954.6546547
0.700700701,0.232995181,0.015,-0.700700701,955.955956,0.232995181,0.011,955.2552553
0.650650651,0.28117687,0.015,-0.650650651,956.3563564,0.28117687,0.011,955.7057057
0.4004004,0.339322177,0.015,-0.4004004,956.5565566,0.339322177,0.011,956.1561562
0.4004004,0.409491506,0.015,-0.4004004,956.8568569,0.409491506,0.011,956.4564565
0.3003003,0.494171336,0.015,-0.3003003,957.0570571,0.494171336,0.011,956.7567568
0.35035035,0.596362332,0.015,-0.35035035,957.2572573,0.596362332,0.011,956.9069069
0.3003003,0.719685673,0.015,-0.3003003,957.3573574,0.719685673,0.011,957.0570571
0.25025025,0.868511374,0.015,-0.25025025,957.4574575,0.868511374,0.011,957.2072072
0.2002002,1.048113134,0.015,-0.2002002,957.5575576,1.048113134,0.011,957.3573574
0.15015015,1.264855217,0.015,-0.15015015,957.6576577,1.264855217,0.011,957.5075075
0.1001001,1.526417967,0.015,-0.1001001,957.7577578,1.526417967,0.011,957.6576577
0.1001001,1.842069969,0.015,-0.1001001,957.7577578,1.842069969,0.011,957.6576577
0.2002002,2.222996483,0.015,-0.2002002,957.8578579,2.222996483,0.011,957.6576577
0.05005005,2.682695795,0.015,-0.05005005,957.8578579,2.682695795,0.011,957.8078078
0.05005005,3.237457543,0.015,-0.05005005,957.8578579,3.237457543,0.011,957.8078078
0.05005005,3.906939937,0.015,-0.05005005,957.8578579,3.906939937,0.011,957.8078078
0,4.714866363,0.015,0,957.957958,4.714866363,0.011,957.957958
0,5.689866029,0.015,0,957.957958,5.689866029,0.011,957.957958
0,6.86648845,0.015,0,957.957958,6.86648845,0.011,957.957958
0,8.286427729,0.015,0,957.957958,8.286427729,0.011,957.957958
0,10,0.015,0,957.957958,10,0.011,957.957958
1.801801802,0.001,0.016,-1.801801802,901.2012012,0.001,0.011,899.3993994
2.252252252,0.001206793,0.016,-2.252252252,902.4024024,0.001206793,0.011,900.1501502
2.502502503,0.001456348,0.016,-2.502502503,903.7037037,0.001456348,0.011,901.2012012
2.902902903,0.001757511,0.016,-2.902902903,905.3053053,0.001757511,0.011,902.4024024
3.253253253,0.002120951,0.016,-3.253253253,907.007007,0.002120951,0.011,903.7537538
3.753753754,0.002559548,0.016,-3.753753754,909.009009,0.002559548,0.011,905.2552553
4.254254254,0.003088844,0.016,-4.254254254,911.3113113,0.003088844,0.011,907.0570571
4.704704705,0.003727594,0.016,-4.704704705,913.7137137,0.003727594,0.011,909.009009
5.155155155,0.004498433,0.016,-5.155155155,916.4164164,0.004498433,0.011,911.2612613
5.555555556,0.005428675,0.016,-5.555555556,919.2192192,0.005428675,0.011,913.6636637
5.855855856,0.006551286,0.016,-5.855855856,922.2222222,0.006551286,0.011,916.3663664
6.006006006,0.007906043,0.016,-6.006006006,925.2252252,0.007906043,0.011,919.2192192
6.106106106,0.009540955,0.016,-6.106106106,928.3283283,0.009540955,0.011,922.2222222
6.106106106,0.011513954,0.016,-6.106106106,931.3313313,0.011513954,0.011,925.2252252
5.955955956,0.013894955,0.016,-5.955955956,934.3343343,0.013894955,0.011,928.3783784
5.755755756,0.016768329,0.016,-5.755755756,937.1371371,0.016768329,0.011,931.3813814
5.355355355,0.020235896,0.016,-5.355355355,939.7397397,0.020235896,0.011,934.3843844
5.055055055,0.024420531,0.016,-5.055055055,942.1421421,0.024420531,0.011,937.0870871
4.554554555,0.029470517,0.016,-4.554554555,944.3443443,0.029470517,0.011,939.7897898
4.154154154,0.035564803,0.016,-4.154154154,946.3463463,0.035564803,0.011,942.1921922
3.603603604,0.042919343,0.016,-3.603603604,948.048048,0.042919343,0.011,944.4444444
3.153153153,0.051794747,0.016,-3.153153153,949.5495495,0.051794747,0.011,946.3963964
2.802802803,0.062505519,0.016,-2.802802803,950.8508509,0.062505519,0.011,948.048048
2.502502503,0.075431201,0.016,-2.502502503,952.0520521,0.075431201,0.011,949.5495495
2.052052052,0.091029818,0.016,-2.052052052,952.952953,0.091029818,0.011,950.9009009
1.801801802,0.109854114,0.016,-1.801801802,953.7537538,0.109854114,0.011,951.951952
1.451451451,0.132571137,0.016,-1.451451451,954.4544545,0.132571137,0.011,953.003003
1.301301301,0.159985872,0.016,-1.301301301,955.0550551,0.159985872,0.011,953.7537538
1.051051051,0.193069773,0.016,-1.051051051,955.5555556,0.193069773,0.011,954.5045045
0.850850851,0.232995181,0.016,-0.850850851,955.955956,0.232995181,0.011,955.1051051
0.800800801,0.28117687,0.016,-0.800800801,956.3563564,0.28117687,0.011,955.5555556
0.550550551,0.339322177,0.016,-0.550550551,956.5565566,0.339322177,0.011,956.006006
0.550550551,0.409491506,0.016,-0.550550551,956.8568569,0.409491506,0.011,956.3063063
0.45045045,0.494171336,0.016,-0.45045045,957.0570571,0.494171336,0.011,956.6066066
0.35035035,0.596362332,0.016,-0.35035035,957.2572573,0.596362332,0.011,956.9069069
0.3003003,0.719685673,0.016,-0.3003003,957.3573574,0.719685673,0.011,957.0570571
0.25025025,0.868511374,0.016,-0.25025025,957.4574575,0.868511374,0.011,957.2072072
0.2002002,1.048113134,0.016,-0.2002002,957.5575576,1.048113134,0.011,957.3573574
0.15015015,1.264855217,0.016,-0.15015015,957.6576577,1.264855217,0.011,957.5075075
0.25025025,1.526417967,0.016,-0.25025025,957.7577578,1.526417967,0.011,957.5075075
0.1001001,1.842069969,0.016,-0.1001001,957.7577578,1.842069969,0.011,957.6576577
0.2002002,2.222996483,0.016,-0.2002002,957.8578579,2.222996483,0.011,957.6576577
0.05005005,2.682695795,0.016,-0.05005005,957.8578579,2.682695795,0.011,957.8078078
0.05005005,3.237457543,0.016,-0.05005005,957.8578579,3.237457543,0.011,957.8078078
0.05005005,3.906939937,0.016,-0.05005005,957.8578579,3.906939937,0.011,957.8078078
0.15015015,4.714866363,0.016,-0.15015015,957.957958,4.714866363,0.011,957.8078078
0,5.689866029,0.016,0,957.957958,5.689866029,0.011,957.957958
0,6.86648845,0.016,0,957.957958,6.86648845,0.011,957.957958
0,8.286427729,0.016,0,957.957958,8.286427729,0.011,957.957958
0,10,0.016,0,957.957958,10,0.011,957.957958
2.102102102,0.001,0.017,-2.102102102,901.2012012,0.001,0.011,899.0990991
2.552552553,0.001206793,0.017,-2.552552553,902.4024024,0.001206793,0.011,899.8498498
2.802802803,0.001456348,0.017,-2.802802803,903.7037037,0.001456348,0.011,900.9009009
3.353353353,0.001757511,0.017,-3.353353353,905.3053053,0.001757511,0.011,901.951952
3.703703704,0.002120951,0.017,-3.703703704,907.007007,0.002120951,0.011,903.3033033
4.204204204,0.002559548,0.017,-4.204204204,909.009009,0.002559548,0.011,904.8048048
4.854854855,0.003088844,0.017,-4.854854855,911.3113113,0.003088844,0.011,906.4564565
5.305305305,0.003727594,0.017,-5.305305305,913.7137137,0.003727594,0.011,908.4084084
5.905905906,0.004498433,0.017,-5.905905906,916.4164164,0.004498433,0.011,910.5105105
6.306306306,0.005428675,0.017,-6.306306306,919.2192192,0.005428675,0.011,912.9129129
6.756756757,0.006551286,0.017,-6.756756757,922.2222222,0.006551286,0.011,915.4654655
6.906906907,0.007906043,0.017,-6.906906907,925.2252252,0.007906043,0.011,918.3183183
7.157157157,0.009540955,0.017,-7.157157157,928.3283283,0.009540955,0.011,921.1711712
7.007007007,0.011513954,0.017,-7.007007007,931.3313313,0.011513954,0.011,924.3243243
7.007007007,0.013894955,0.017,-7.007007007,934.3343343,0.013894955,0.011,927.3273273
6.656656657,0.016768329,0.017,-6.656656657,937.1371371,0.016768329,0.011,930.4804805
6.256256256,0.020235896,0.017,-6.256256256,939.7397397,0.020235896,0.011,933.4834835
5.805805806,0.024420531,0.017,-5.805805806,942.1421421,0.024420531,0.011,936.3363363
5.455455455,0.029470517,0.017,-5.455455455,944.3443443,0.029470517,0.011,938.8888889
4.904904905,0.035564803,0.017,-4.904904905,946.3463463,0.035564803,0.011,941.4414414
4.354354354,0.042919343,0.017,-4.354354354,948.048048,0.042919343,0.011,943.6936937
3.753753754,0.051794747,0.017,-3.753753754,949.5495495,0.051794747,0.011,945.7957958
3.253253253,0.062505519,0.017,-3.253253253,950.8508509,0.062505519,0.011,947.5975976
2.952952953,0.075431201,0.017,-2.952952953,952.0520521,0.075431201,0.011,949.0990991
2.502502503,0.091029818,0.017,-2.502502503,952.952953,0.091029818,0.011,950.4504505
2.102102102,0.109854114,0.017,-2.102102102,953.7537538,0.109854114,0.011,951.6516517
1.751751752,0.132571137,0.017,-1.751751752,954.4544545,0.132571137,0.011,952.7027027
1.451451451,0.159985872,0.017,-1.451451451,955.0550551,0.159985872,0.011,953.6036036
1.351351351,0.193069773,0.017,-1.351351351,955.5555556,0.193069773,0.011,954.2042042
1.001001001,0.232995181,0.017,-1.001001001,955.955956,0.232995181,0.011,954.954955
0.950950951,0.28117687,0.017,-0.950950951,956.3563564,0.28117687,0.011,955.4054054
0.700700701,0.339322177,0.017,-0.700700701,956.5565566,0.339322177,0.011,955.8558559
0.700700701,0.409491506,0.017,-0.700700701,956.8568569,0.409491506,0.011,956.1561562
0.600600601,0.494171336,0.017,-0.600600601,957.0570571,0.494171336,0.011,956.4564565
0.500500501,0.596362332,0.017,-0.500500501,957.2572573,0.596362332,0.011,956.7567568
0.3003003,0.719685673,0.017,-0.3003003,957.3573574,0.719685673,0.011,957.0570571
0.25025025,0.868511374,0.017,-0.25025025,957.4574575,0.868511374,0.011,957.2072072
0.2002002,1.048113134,0.017,-0.2002002,957.5575576,1.048113134,0.011,957.3573574
0.15015015,1.264855217,0.017,-0.15015015,957.6576577,1.264855217,0.011,957.5075075
0.25025025,1.526417967,0.017,-0.25025025,957.7577578,1.526417967,0.011,957.5075075
0.1001001,1.842069969,0.017,-0.1001001,957.7577578,1.842069969,0.011,957.6576577
0.2002002,2.222996483,0.017,-0.2002002,957.8578579,2.222996483,0.011,957.6576577
0.05005005,2.682695795,0.017,-0.05005005,957.8578579,2.682695795,0.011,957.8078078
0.05005005,3.237457543,0.017,-0.05005005,957.8578579,3.237457543,0.011,957.8078078
0.05005005,3.906939937,0.017,-0.05005005,957.8578579,3.906939937,0.011,957.8078078
0.15015015,4.714866363,0.017,-0.15015015,957.957958,4.714866363,0.011,957.8078078
0,5.689866029,0.017,0,957.957958,5.689866029,0.011,957.957958
0,6.86648845,0.017,0,957.957958,6.86648845,0.011,957.957958
0,8.286427729,0.017,0,957.957958,8.286427729,0.011,957.957958
0,10,0.017,0,957.957958,10,0.011,957.957958
2.402402402,0.001,0.018,-2.402402402,901.2012012,0.001,0.011,898.7987988
2.702702703,0.001206793,0.018,-2.702702703,902.4024024,0.001206793,0.011,899.6996997
3.103103103,0.001456348,0.018,-3.103103103,903.7037037,0.001456348,0.011,900.6006006
3.653653654,0.001757511,0.018,-3.653653654,905.3053053,0.001757511,0.011,901.6516517
4.154154154,0.002120951,0.018,-4.154154154,907.007007,0.002120951,0.011,902.8528529
4.804804805,0.002559548,0.018,-4.804804805,909.009009,0.002559548,0.011,904.2042042
5.455455455,0.003088844,0.018,-5.455455455,911.3113113,0.003088844,0.011,905.8558559
5.905905906,0.003727594,0.018,-5.905905906,913.7137137,0.003727594,0.011,907.8078078
6.506506507,0.004498433,0.018,-6.506506507,916.4164164,0.004498433,0.011,909.9099099
7.057057057,0.005428675,0.018,-7.057057057,919.2192192,0.005428675,0.011,912.1621622
7.507507508,0.006551286,0.018,-7.507507508,922.2222222,0.006551286,0.011,914.7147147
7.807807808,0.007906043,0.018,-7.807807808,925.2252252,0.007906043,0.011,917.4174174
8.058058058,0.009540955,0.018,-8.058058058,928.3283283,0.009540955,0.011,920.2702703
8.058058058,0.011513954,0.018,-8.058058058,931.3313313,0.011513954,0.011,923.2732733
7.907907908,0.013894955,0.018,-7.907907908,934.3343343,0.013894955,0.011,926.4264264
7.707707708,0.016768329,0.018,-7.707707708,937.1371371,0.016768329,0.011,929.4294294
7.157157157,0.020235896,0.018,-7.157157157,939.7397397,0.020235896,0.011,932.5825826
6.706706707,0.024420531,0.018,-6.706706707,942.1421421,0.024420531,0.011,935.4354354
6.206206206,0.029470517,0.018,-6.206206206,944.3443443,0.029470517,0.011,938.1381381
5.655655656,0.035564803,0.018,-5.655655656,946.3463463,0.035564803,0.011,940.6906907
4.954954955,0.042919343,0.018,-4.954954955,948.048048,0.042919343,0.011,943.0930931
4.354354354,0.051794747,0.018,-4.354354354,949.5495495,0.051794747,0.011,945.1951952
3.853853854,0.062505519,0.018,-3.853853854,950.8508509,0.062505519,0.011,946.996997
3.403403403,0.075431201,0.018,-3.403403403,952.0520521,0.075431201,0.011,948.6486486
2.802802803,0.091029818,0.018,-2.802802803,952.952953,0.091029818,0.011,950.1501502
2.402402402,0.109854114,0.018,-2.402402402,953.7537538,0.109854114,0.011,951.3513514
2.052052052,0.132571137,0.018,-2.052052052,954.4544545,0.132571137,0.011,952.4024024
1.751751752,0.159985872,0.018,-1.751751752,955.0550551,0.159985872,0.011,953.3033033
1.501501502,0.193069773,0.018,-1.501501502,955.5555556,0.193069773,0.011,954.0540541
1.301301301,0.232995181,0.018,-1.301301301,955.955956,0.232995181,0.011,954.6546547
1.101101101,0.28117687,0.018,-1.101101101,956.3563564,0.28117687,0.011,955.2552553
0.850850851,0.339322177,0.018,-0.850850851,956.5565566,0.339322177,0.011,955.7057057
0.700700701,0.409491506,0.018,-0.700700701,956.8568569,0.409491506,0.011,956.1561562
0.600600601,0.494171336,0.018,-0.600600601,957.0570571,0.494171336,0.011,956.4564565
0.500500501,0.596362332,0.018,-0.500500501,957.2572573,0.596362332,0.011,956.7567568
0.45045045,0.719685673,0.018,-0.45045045,957.3573574,0.719685673,0.011,956.9069069
0.4004004,0.868511374,0.018,-0.4004004,957.4574575,0.868511374,0.011,957.0570571
0.35035035,1.048113134,0.018,-0.35035035,957.5575576,1.048113134,0.011,957.2072072
0.3003003,1.264855217,0.018,-0.3003003,957.6576577,1.264855217,0.011,957.3573574
0.25025025,1.526417967,0.018,-0.25025025,957.7577578,1.526417967,0.011,957.5075075
0.1001001,1.842069969,0.018,-0.1001001,957.7577578,1.842069969,0.011,957.6576577
0.2002002,2.222996483,0.018,-0.2002002,957.8578579,2.222996483,0.011,957.6576577
0.2002002,2.682695795,0.018,-0.2002002,957.8578579,2.682695795,0.011,957.6576577
0.05005005,3.237457543,0.018,-0.05005005,957.8578579,3.237457543,0.011,957.8078078
0.05005005,3.906939937,0.018,-0.05005005,957.8578579,3.906939937,0.011,957.8078078
0.15015015,4.714866363,0.018,-0.15015015,957.957958,4.714866363,0.011,957.8078078
0,5.689866029,0.018,0,957.957958,5.689866029,0.011,957.957958
0,6.86648845,0.018,0,957.957958,6.86648845,0.011,957.957958
0,8.286427729,0.018,0,957.957958,8.286427729,0.011,957.957958
0,10,0.018,0,957.957958,10,0.011,957.957958
2.552552553,0.001,0.019,-2.552552553,901.2012012,0.001,0.011,898.6486486
3.003003003,0.001206793,0.019,-3.003003003,902.4024024,0.001206793,0.011,899.3993994
3.403403403,0.001456348,0.019,-3.403403403,903.7037037,0.001456348,0.011,900.3003003
3.953953954,0.001757511,0.019,-3.953953954,905.3053053,0.001757511,0.011,901.3513514
4.604604605,0.002120951,0.019,-4.604604605,907.007007,0.002120951,0.011,902.4024024
5.105105105,0.002559548,0.019,-5.105105105,909.009009,0.002559548,0.011,903.9039039
5.905905906,0.003088844,0.019,-5.905905906,911.3113113,0.003088844,0.011,905.4054054
6.506506507,0.003727594,0.019,-6.506506507,913.7137137,0.003727594,0.011,907.2072072
7.257257257,0.004498433,0.019,-7.257257257,916.4164164,0.004498433,0.011,909.1591592
7.807807808,0.005428675,0.019,-7.807807808,919.2192192,0.005428675,0.011,911.4114114
8.258258258,0.006551286,0.019,-8.258258258,922.2222222,0.006551286,0.011,913.963964
8.558558559,0.007906043,0.019,-8.558558559,925.2252252,0.007906043,0.011,916.6666667
8.808808809,0.009540955,0.019,-8.808808809,928.3283283,0.009540955,0.011,919.5195195
8.808808809,0.011513954,0.019,-8.808808809,931.3313313,0.011513954,0.011,922.5225225
8.808808809,0.013894955,0.019,-8.808808809,934.3343343,0.013894955,0.011,925.5255255
8.458458458,0.016768329,0.019,-8.458458458,937.1371371,0.016768329,0.011,928.6786787
8.058058058,0.020235896,0.019,-8.058058058,939.7397397,0.020235896,0.011,931.6816817
7.607607608,0.024420531,0.019,-7.607607608,942.1421421,0.024420531,0.011,934.5345345
6.956956957,0.029470517,0.019,-6.956956957,944.3443443,0.029470517,0.011,937.3873874
6.406406406,0.035564803,0.019,-6.406406406,946.3463463,0.035564803,0.011,939.9399399
5.705705706,0.042919343,0.019,-5.705705706,948.048048,0.042919343,0.011,942.3423423
4.954954955,0.051794747,0.019,-4.954954955,949.5495495,0.051794747,0.011,944.5945946
4.304304304,0.062505519,0.019,-4.304304304,950.8508509,0.062505519,0.011,946.5465465
3.853853854,0.075431201,0.019,-3.853853854,952.0520521,0.075431201,0.011,948.1981982
3.253253253,0.091029818,0.019,-3.253253253,952.952953,0.091029818,0.011,949.6996997
2.702702703,0.109854114,0.019,-2.702702703,953.7537538,0.109854114,0.011,951.0510511
2.352352352,0.132571137,0.019,-2.352352352,954.4544545,0.132571137,0.011,952.1021021
2.052052052,0.159985872,0.019,-2.052052052,955.0550551,0.159985872,0.011,953.003003
1.651651652,0.193069773,0.019,-1.651651652,955.5555556,0.193069773,0.011,953.9039039
1.451451451,0.232995181,0.019,-1.451451451,955.955956,0.232995181,0.011,954.5045045
1.251251251,0.28117687,0.019,-1.251251251,956.3563564,0.28117687,0.011,955.1051051
1.001001001,0.339322177,0.019,-1.001001001,956.5565566,0.339322177,0.011,955.5555556
0.850850851,0.409491506,0.019,-0.850850851,956.8568569,0.409491506,0.011,956.006006
0.750750751,0.494171336,0.019,-0.750750751,957.0570571,0.494171336,0.011,956.3063063
0.650650651,0.596362332,0.019,-0.650650651,957.2572573,0.596362332,0.011,956.6066066
0.45045045,0.719685673,0.019,-0.45045045,957.3573574,0.719685673,0.011,956.9069069
0.4004004,0.868511374,0.019,-0.4004004,957.4574575,0.868511374,0.011,957.0570571
0.35035035,1.048113134,0.019,-0.35035035,957.5575576,1.048113134,0.011,957.2072072
0.3003003,1.264855217,0.019,-0.3003003,957.6576577,1.264855217,0.011,957.3573574
0.25025025,1.526417967,0.019,-0.25025025,957.7577578,1.526417967,0.011,957.5075075
0.25025025,1.842069969,0.019,-0.25025025,957.7577578,1.842069969,0.011,957.5075075
0.2002002,2.222996483,0.019,-0.2002002,957.8578579,2.222996483,0.011,957.6576577
0.2002002,2.682695795,0.019,-0.2002002,957.8578579,2.682695795,0.011,957.6576577
0.05005005,3.237457543,0.019,-0.05005005,957.8578579,3.237457543,0.011,957.8078078
0.05005005,3.906939937,0.019,-0.05005005,957.8578579,3.906939937,0.011,957.8078078
0.15015015,4.714866363,0.019,-0.15015015,957.957958,4.714866363,0.011,957.8078078
0.15015015,5.689866029,0.019,-0.15015015,957.957958,5.689866029,0.011,957.8078078
0,6.86648845,0.019,0,957.957958,6.86648845,0.011,957.957958
0,8.286427729,0.019,0,957.957958,8.286427729,0.011,957.957958
0,10,0.019,0,957.957958,10,0.011,957.957958
2.702702703,0.001,0.02,-2.702702703,901.2012012,0.001,0.011,898.4984985
3.153153153,0.001206793,0.02,-3.153153153,902.4024024,0.001206793,0.011,899.2492492
3.703703704,0.001456348,0.02,-3.703703704,903.7037037,0.001456348,0.011,900
4.254254254,0.001757511,0.02,-4.254254254,905.3053053,0.001757511,0.011,901.0510511
4.904904905,0.002120951,0.02,-4.904904905,907.007007,0.002120951,0.011,902.1021021
5.555555556,0.002559548,0.02,-5.555555556,909.009009,0.002559548,0.011,903.4534535
6.356356356,0.003088844,0.02,-6.356356356,911.3113113,0.003088844,0.011,904.954955
6.956956957,0.003727594,0.02,-6.956956957,913.7137137,0.003727594,0.011,906.7567568
7.707707708,0.004498433,0.02,-7.707707708,916.4164164,0.004498433,0.011,908.7087087
8.408408408,0.005428675,0.02,-8.408408408,919.2192192,0.005428675,0.011,910.8108108
9.009009009,0.006551286,0.02,-9.009009009,922.2222222,0.006551286,0.011,913.2132132
9.309309309,0.007906043,0.02,-9.309309309,925.2252252,0.007906043,0.011,915.9159159
9.55955956,0.009540955,0.02,-9.55955956,928.3283283,0.009540955,0.011,918.7687688
9.70970971,0.011513954,0.02,-9.70970971,931.3313313,0.011513954,0.011,921.6216216
9.70970971,0.013894955,0.02,-9.70970971,934.3343343,0.013894955,0.011,924.6246246
9.359359359,0.016768329,0.02,-9.359359359,937.1371371,0.016768329,0.011,927.7777778
8.958958959,0.020235896,0.02,-8.958958959,939.7397397,0.020235896,0.011,930.7807808
8.358358358,0.024420531,0.02,-8.358358358,942.1421421,0.024420531,0.011,933.7837838
7.707707708,0.029470517,0.02,-7.707707708,944.3443443,0.029470517,0.011,936.6366366
7.007007007,0.035564803,0.02,-7.007007007,946.3463463,0.035564803,0.011,939.3393393
6.306306306,0.042919343,0.02,-6.306306306,948.048048,0.042919343,0.011,941.7417417
5.555555556,0.051794747,0.02,-5.555555556,949.5495495,0.051794747,0.011,943.993994
4.904904905,0.062505519,0.02,-4.904904905,950.8508509,0.062505519,0.011,945.9459459
4.304304304,0.075431201,0.02,-4.304304304,952.0520521,0.075431201,0.011,947.7477477
3.703703704,0.091029818,0.02,-3.703703704,952.952953,0.091029818,0.011,949.2492492
3.153153153,0.109854114,0.02,-3.153153153,953.7537538,0.109854114,0.011,950.6006006
2.652652653,0.132571137,0.02,-2.652652653,954.4544545,0.132571137,0.011,951.8018018
2.202202202,0.159985872,0.02,-2.202202202,955.0550551,0.159985872,0.011,952.8528529
1.951951952,0.193069773,0.02,-1.951951952,955.5555556,0.193069773,0.011,953.6036036
1.601601602,0.232995181,0.02,-1.601601602,955.955956,0.232995181,0.011,954.3543544
1.401401401,0.28117687,0.02,-1.401401401,956.3563564,0.28117687,0.011,954.954955
1.151151151,0.339322177,0.02,-1.151151151,956.5565566,0.339322177,0.011,955.4054054
1.001001001,0.409491506,0.02,-1.001001001,956.8568569,0.409491506,0.011,955.8558559
0.750750751,0.494171336,0.02,-0.750750751,957.0570571,0.494171336,0.011,956.3063063
0.650650651,0.596362332,0.02,-0.650650651,957.2572573,0.596362332,0.011,956.6066066
0.600600601,0.719685673,0.02,-0.600600601,957.3573574,0.719685673,0.011,956.7567568
0.4004004,0.868511374,0.02,-0.4004004,957.4574575,0.868511374,0.011,957.0570571
0.35035035,1.048113134,0.02,-0.35035035,957.5575576,1.048113134,0.011,957.2072072
0.3003003,1.264855217,0.02,-0.3003003,957.6576577,1.264855217,0.011,957.3573574
0.25025025,1.526417967,0.02,-0.25025025,957.7577578,1.526417967,0.011,957.5075075
0.25025025,1.842069969,0.02,-0.25025025,957.7577578,1.842069969,0.011,957.5075075
0.2002002,2.222996483,0.02,-0.2002002,957.8578579,2.222996483,0.011,957.6576577
0.2002002,2.682695795,0.02,-0.2002002,957.8578579,2.682695795,0.011,957.6576577
0.05005005,3.237457543,0.02,-0.05005005,957.8578579,3.237457543,0.011,957.8078078
0.05005005,3.906939937,0.02,-0.05005005,957.8578579,3.906939937,0.011,957.8078078
0.15015015,4.714866363,0.02,-0.15015015,957.957958,4.714866363,0.011,957.8078078
0.15015015,5.689866029,0.02,-0.15015015,957.957958,5.689866029,0.011,957.8078078
0,6.86648845,0.02,0,957.957958,6.86648845,0.011,957.957958
0,8.286427729,0.02,0,957.957958,8.286427729,0.011,957.957958
0,10,0.02,0,957.957958,10,0.011,957.957958
